searched_company,job_title,company,location,link
HSBC,Intern,HSBC,"Kuala Lumpur, Federal Territory of Kuala Lumpur, Malaysia",https://my.linkedin.com/jobs/view/intern-at-hsbc-4387807322?position=1&pageNum=0&refId=3ncpDZur44bSZashrb062A%3D%3D&trackingId=24F9QYeoB7TD2vBIDRyISQ%3D%3D
HSBC,"Internship, Communications and Strategic Branding",HSBC,"Ho Chi Minh City, Ho Chi Minh City, Vietnam",https://vn.linkedin.com/jobs/view/internship-communications-and-strategic-branding-at-hsbc-4391538978?position=2&pageNum=0&refId=3ncpDZur44bSZashrb062A%3D%3D&trackingId=zdrH9Qoy0oBd5h0HbuO48g%3D%3D
HSBC,Communications Internship Programme,HSBC,Jakarta Metropolitan Area,https://id.linkedin.com/jobs/view/communications-internship-programme-at-hsbc-4392584489?position=3&pageNum=0&refId=3ncpDZur44bSZashrb062A%3D%3D&trackingId=PwEG1uS2S9QWbTHpkjPm7g%3D%3D
HSBC,"Internship, Financial Planning & Analysis, Business Finance",HSBC,"Ho Chi Minh City, Ho Chi Minh City, Vietnam",https://vn.linkedin.com/jobs/view/internship-financial-planning-analysis-business-finance-at-hsbc-4391549745?position=4&pageNum=0&refId=3ncpDZur44bSZashrb062A%3D%3D&trackingId=TJwTBuA2i16DBCpoLkUC8A%3D%3D
HSBC,Traded Risk Internship Programme,HSBC,Jakarta Metropolitan Area,https://id.linkedin.com/jobs/view/traded-risk-internship-programme-at-hsbc-4401314558?position=5&pageNum=0&refId=3ncpDZur44bSZashrb062A%3D%3D&trackingId=PSUrjQlALjfcDCfsdmMZPQ%3D%3D
HSBC,"Internship, Legal",HSBC,"Ho Chi Minh City, Ho Chi Minh City, Vietnam",https://vn.linkedin.com/jobs/view/internship-legal-at-hsbc-4391543869?position=7&pageNum=0&refId=3ncpDZur44bSZashrb062A%3D%3D&trackingId=AvKwbl3moteVgMTlwda%2Fcw%3D%3D
HSBC,"Internship, HR",HSBC,"Ho Chi Minh City, Ho Chi Minh City, Vietnam",https://vn.linkedin.com/jobs/view/internship-hr-at-hsbc-4391558073?position=9&pageNum=0&refId=3ncpDZur44bSZashrb062A%3D%3D&trackingId=n6BSYYLF%2FCpB68SjdrdogQ%3D%3D
HSBC,"Internship, Financial Crime Investigation",HSBC,"Ho Chi Minh City, Ho Chi Minh City, Vietnam",https://vn.linkedin.com/jobs/view/internship-financial-crime-investigation-at-hsbc-4391554256?position=10&pageNum=0&refId=3ncpDZur44bSZashrb062A%3D%3D&trackingId=JtCORwa3RaLIr40BlAtQfA%3D%3D
HSBC,"Internship, Procurement",HSBC,"Ho Chi Minh City, Ho Chi Minh City, Vietnam",https://vn.linkedin.com/jobs/view/internship-procurement-at-hsbc-4391552322?position=11&pageNum=0&refId=3ncpDZur44bSZashrb062A%3D%3D&trackingId=lE1So%2F3JxfWwNgmf133UvA%3D%3D
HSBC,"Internship, Corporate Services",HSBC,"Ho Chi Minh City, Ho Chi Minh City, Vietnam",https://vn.linkedin.com/jobs/view/internship-corporate-services-at-hsbc-4391541886?position=13&pageNum=0&refId=3ncpDZur44bSZashrb062A%3D%3D&trackingId=GKzHHSYwzP9%2FXEAclhAOyA%3D%3D
HSBC,Operations and IT Internship Programme,HSBC,Jakarta Metropolitan Area,https://id.linkedin.com/jobs/view/operations-and-it-internship-programme-at-hsbc-4390826156?position=14&pageNum=0&refId=3ncpDZur44bSZashrb062A%3D%3D&trackingId=g3%2FNlYRILLTYSjxH6qm8Dg%3D%3D
HSBC,International Wealth and Personal Banking Internship Programme,HSBC,Jakarta Metropolitan Area,https://id.linkedin.com/jobs/view/international-wealth-and-personal-banking-internship-programme-at-hsbc-4390342860?position=15&pageNum=0&refId=3ncpDZur44bSZashrb062A%3D%3D&trackingId=XtdJRggsstATelZXQ4W7hg%3D%3D
HSBC,"Internship, Finance Control",HSBC,"Ho Chi Minh City, Ho Chi Minh City, Vietnam",https://vn.linkedin.com/jobs/view/internship-finance-control-at-hsbc-4391554260?position=16&pageNum=0&refId=3ncpDZur44bSZashrb062A%3D%3D&trackingId=x%2BM9vqAy05NES2Pmt0qM%2FA%3D%3D
HSBC,"Internship, Global Payment Solutions (South)",HSBC,"Ho Chi Minh City, Ho Chi Minh City, Vietnam",https://vn.linkedin.com/jobs/view/internship-global-payment-solutions-south-at-hsbc-4391553306?position=17&pageNum=0&refId=3ncpDZur44bSZashrb062A%3D%3D&trackingId=ydPycR%2B5mXoTFmfAD84FhA%3D%3D
HSBC,"Internship, Direct Custody & Clearing Operations",HSBC,"Ho Chi Minh City, Ho Chi Minh City, Vietnam",https://vn.linkedin.com/jobs/view/internship-direct-custody-clearing-operations-at-hsbc-4391558072?position=18&pageNum=0&refId=3ncpDZur44bSZashrb062A%3D%3D&trackingId=%2Fd0kn03tDwZWRE%2BokpOHgQ%3D%3D
HSBC,"Internship, Risk and Compliance",HSBC,"Ho Chi Minh City, Ho Chi Minh City, Vietnam",https://vn.linkedin.com/jobs/view/internship-risk-and-compliance-at-hsbc-4391556125?position=19&pageNum=0&refId=3ncpDZur44bSZashrb062A%3D%3D&trackingId=ccwlw8IONv6NAfvhSrjdDw%3D%3D
HSBC,"Internship, IT",HSBC,"Ho Chi Minh City, Ho Chi Minh City, Vietnam",https://vn.linkedin.com/jobs/view/internship-it-at-hsbc-4391548780?position=20&pageNum=0&refId=3ncpDZur44bSZashrb062A%3D%3D&trackingId=6eTj9oPqRXpqddrgpebISw%3D%3D
HSBC,"Internship, International Mid Market (South)",HSBC,"Ho Chi Minh City, Ho Chi Minh City, Vietnam",https://vn.linkedin.com/jobs/view/internship-international-mid-market-south-at-hsbc-4391552320?position=21&pageNum=0&refId=3ncpDZur44bSZashrb062A%3D%3D&trackingId=ZKCOIkNyTFW85gV6ruiZjQ%3D%3D
HSBC,"Internship, Risk Analyst Unit (North)",HSBC,"Hanoi, Hanoi, Vietnam",https://vn.linkedin.com/jobs/view/internship-risk-analyst-unit-north-at-hsbc-4391542872?position=22&pageNum=0&refId=3ncpDZur44bSZashrb062A%3D%3D&trackingId=mME4DGyHSPdhVseI2khP4g%3D%3D
HSBC,"Internship, Operations Support (Policy Management)",Allianz Malaysia,"Kuala Lumpur, Federal Territory of Kuala Lumpur, Malaysia",https://my.linkedin.com/jobs/view/internship-operations-support-policy-management-at-allianz-malaysia-4382967087?position=23&pageNum=0&refId=3ncpDZur44bSZashrb062A%3D%3D&trackingId=m9JIvyNKUFAe3EdZ5TlyfQ%3D%3D
HSBC,Legal Intern,HSBC,"Taguig, National Capital Region, Philippines",https://ph.linkedin.com/jobs/view/legal-intern-at-hsbc-4399245356?position=24&pageNum=0&refId=3ncpDZur44bSZashrb062A%3D%3D&trackingId=uw2prnzH0HxnxgWXj%2BChcw%3D%3D
HSBC,"Internship, Global Trade Solutions",HSBC,"Ho Chi Minh City, Ho Chi Minh City, Vietnam",https://vn.linkedin.com/jobs/view/internship-global-trade-solutions-at-hsbc-4391542871?position=25&pageNum=0&refId=3ncpDZur44bSZashrb062A%3D%3D&trackingId=A3Dry507bokrz7CDof3szQ%3D%3D
HSBC,"Internship, Global Markets Operations (GMO)",HSBC,"Ho Chi Minh City, Ho Chi Minh City, Vietnam",https://vn.linkedin.com/jobs/view/internship-global-markets-operations-gmo-at-hsbc-4391545833?position=26&pageNum=0&refId=3ncpDZur44bSZashrb062A%3D%3D&trackingId=RCY%2BF1BW%2BWoQVpFa71XFsA%3D%3D
HSBC,"Internship, Global Network Banking (South)",HSBC,"Ho Chi Minh City, Ho Chi Minh City, Vietnam",https://vn.linkedin.com/jobs/view/internship-global-network-banking-south-at-hsbc-4391545832?position=27&pageNum=0&refId=3ncpDZur44bSZashrb062A%3D%3D&trackingId=%2F4Vuc5%2FdBVYosecagALO6w%3D%3D
HSBC,"Student Apprenticeship Programme, Premier Proposition (Internship)",HSBC,"Kuala Lumpur, Federal Territory of Kuala Lumpur, Malaysia",https://my.linkedin.com/jobs/view/student-apprenticeship-programme-premier-proposition-internship-at-hsbc-4400392813?position=28&pageNum=0&refId=3ncpDZur44bSZashrb062A%3D%3D&trackingId=n6ldbZTj1BD%2FUHwkAj4jvw%3D%3D
HSBC,Intern - Associate Corporate Relationship Manager Support,HSBC,"Prague, Czechia",https://cz.linkedin.com/jobs/view/intern-associate-corporate-relationship-manager-support-at-hsbc-4398528141?position=29&pageNum=0&refId=3ncpDZur44bSZashrb062A%3D%3D&trackingId=VJ1bR1RMpZ2JU8QEEp0Iag%3D%3D
HSBC,"Internal Auditor – Regulatory Compliance, Conduct and Legal",HSBC,"Buffalo, NY",https://www.linkedin.com/jobs/view/internal-auditor-%E2%80%93-regulatory-compliance-conduct-and-legal-at-hsbc-4396374574?position=30&pageNum=0&refId=3ncpDZur44bSZashrb062A%3D%3D&trackingId=iivuGEzV0lTl%2FFCPCtnLfA%3D%3D
HSBC,"Student Apprenticeship Programme, Unit Trust (Internship)",HSBC,"Kuala Lumpur, Federal Territory of Kuala Lumpur, Malaysia",https://my.linkedin.com/jobs/view/student-apprenticeship-programme-unit-trust-internship-at-hsbc-4402941005?position=31&pageNum=0&refId=3ncpDZur44bSZashrb062A%3D%3D&trackingId=ZVQb6acR%2BmLt17dy9LbInw%3D%3D
HSBC,Sales Development Representative (Internship) - Amsterdam,Univers,"Amsterdam, North Holland, Netherlands",https://nl.linkedin.com/jobs/view/sales-development-representative-internship-amsterdam-at-univers-4366099188?position=32&pageNum=0&refId=3ncpDZur44bSZashrb062A%3D%3D&trackingId=FNqR07kxb6mLOlYfUpTehg%3D%3D
HSBC,"Internship, Global Corporates (North)",HSBC,"Hanoi, Hanoi, Vietnam",https://vn.linkedin.com/jobs/view/internship-global-corporates-north-at-hsbc-4391542870?position=34&pageNum=0&refId=3ncpDZur44bSZashrb062A%3D%3D&trackingId=gpv12dQA9t9o6HmB30YUFg%3D%3D
HSBC,"Internship, Securities Services (North)",HSBC,"Hanoi, Hanoi, Vietnam",https://vn.linkedin.com/jobs/view/internship-securities-services-north-at-hsbc-4391554257?position=35&pageNum=0&refId=3ncpDZur44bSZashrb062A%3D%3D&trackingId=Z%2BZfpkq%2BL8%2Fom%2FO16gWDTg%3D%3D
HSBC,"Internship, Global Network Banking (North)",HSBC,"Hanoi, Hanoi, Vietnam",https://vn.linkedin.com/jobs/view/internship-global-network-banking-north-at-hsbc-4391539899?position=36&pageNum=0&refId=3ncpDZur44bSZashrb062A%3D%3D&trackingId=vauiv%2BAfBozIVYG3KxhLMA%3D%3D
HSBC,"Student Apprenticeship Programme, Marketing (Internship)",HSBC,"Kuala Lumpur, Federal Territory of Kuala Lumpur, Malaysia",https://my.linkedin.com/jobs/view/student-apprenticeship-programme-marketing-internship-at-hsbc-4395247201?position=37&pageNum=0&refId=3ncpDZur44bSZashrb062A%3D%3D&trackingId=xSDeNuD8xKxWPZ3jMwzSXg%3D%3D
HSBC,Calling Law Students in Mexico: Summer Internship 2026,HSBC,"Cuauhtémoc, Mexico City, Mexico",https://mx.linkedin.com/jobs/view/calling-law-students-in-mexico-summer-internship-2026-at-hsbc-4401013842?position=39&pageNum=0&refId=3ncpDZur44bSZashrb062A%3D%3D&trackingId=D7Ti3h4M14KU9h1OcM%2BBVw%3D%3D
HSBC,"Student Apprenticeship Programme, Amanah (Internship)",HSBC,"Kuala Lumpur, Federal Territory of Kuala Lumpur, Malaysia",https://my.linkedin.com/jobs/view/student-apprenticeship-programme-amanah-internship-at-hsbc-4395289315?position=40&pageNum=0&refId=3ncpDZur44bSZashrb062A%3D%3D&trackingId=97o2yNW4Xix8H3Jh4s4gzw%3D%3D
HSBC,Talent Acquisition Intern (with PPO),Mirus Opportunities,"New Delhi, Delhi, India",https://in.linkedin.com/jobs/view/talent-acquisition-intern-with-ppo-at-mirus-opportunities-4401443180?position=41&pageNum=0&refId=3ncpDZur44bSZashrb062A%3D%3D&trackingId=4WfoKC%2B97Dww0Ofn3V4D3A%3D%3D
HSBC,Sales Development Intern (Munich) - German speaker,Univers,"Munich, Bavaria, Germany",https://de.linkedin.com/jobs/view/sales-development-intern-munich-german-speaker-at-univers-4368428411?position=42&pageNum=0&refId=3ncpDZur44bSZashrb062A%3D%3D&trackingId=ODeuggLsdKqLIh4Hb2e3TQ%3D%3D
HSBC,Internship - CRM & Digital Marketing - Romanian Speaker (Based in Paris),Numberly,"Bucharest, Romania",https://ro.linkedin.com/jobs/view/internship-crm-digital-marketing-romanian-speaker-based-in-paris-at-numberly-4385749572?position=43&pageNum=0&refId=3ncpDZur44bSZashrb062A%3D%3D&trackingId=1hGOyhFhjL8BhcQK%2B8E70w%3D%3D
HSBC,Internship - CRM & Digital Marketing - German Speaker (Based in Paris),Numberly,"Mannheim, Baden-Württemberg, Germany",https://de.linkedin.com/jobs/view/internship-crm-digital-marketing-german-speaker-based-in-paris-at-numberly-4381706827?position=44&pageNum=0&refId=3ncpDZur44bSZashrb062A%3D%3D&trackingId=pYirPwzcqAaj6AZ73SdcLA%3D%3D
Barclays,Public Finance Analyst Summer Internship Program 2027 New York,Barclays,"New York, NY",https://www.linkedin.com/jobs/view/public-finance-analyst-summer-internship-program-2027-new-york-at-barclays-4397579710?position=1&pageNum=0&refId=c8gR3%2BoVX6Z0oAzyd%2FQ%2FVQ%3D%3D&trackingId=Js%2BaXP5dp6kQ8unXRpJZpQ%3D%3D
Barclays,"Sales, Trading and Structuring Off Cycle Internship Programme 2026 Paris",Barclays,"Paris, Île-de-France, France",https://fr.linkedin.com/jobs/view/sales-trading-and-structuring-off-cycle-internship-programme-2026-paris-at-barclays-4294797365?position=2&pageNum=0&refId=c8gR3%2BoVX6Z0oAzyd%2FQ%2FVQ%3D%3D&trackingId=VSxsIwqU3H4XYa7J4%2F2xyQ%3D%3D
Barclays,Strategy & Operations Intern (Summer 2026),Farsight,"New York, NY",https://www.linkedin.com/jobs/view/strategy-operations-intern-summer-2026-at-farsight-4389933426?position=3&pageNum=0&refId=c8gR3%2BoVX6Z0oAzyd%2FQ%2FVQ%3D%3D&trackingId=U1qKEattRu16dYIy3BtEdA%3D%3D
Barclays,Banking Analyst Summer Internship Program 2026 Mexico City,Barclays Investment Bank,Mexico City Metropolitan Area,https://mx.linkedin.com/jobs/view/banking-analyst-summer-internship-program-2026-mexico-city-at-barclays-investment-bank-4355231246?position=4&pageNum=0&refId=c8gR3%2BoVX6Z0oAzyd%2FQ%2FVQ%3D%3D&trackingId=exmh8FWZKincjIGke0bJCw%3D%3D
Barclays,Public Finance Analyst Summer Internship Program 2027 New York,ACCA Careers,"New York, NY",https://www.linkedin.com/jobs/view/public-finance-analyst-summer-internship-program-2027-new-york-at-acca-careers-4397790516?position=5&pageNum=0&refId=c8gR3%2BoVX6Z0oAzyd%2FQ%2FVQ%3D%3D&trackingId=wpoHngYtz6t4t9GMNOJKWQ%3D%3D
Barclays,Curatorial Internship,Brooklyn Sports & Entertainment,"Brooklyn, NY",https://www.linkedin.com/jobs/view/curatorial-internship-at-brooklyn-sports-entertainment-4398994922?position=6&pageNum=0&refId=c8gR3%2BoVX6Z0oAzyd%2FQ%2FVQ%3D%3D&trackingId=ljqtFkEAXBcOGuxti6mlYA%3D%3D
Barclays,Public Finance Analyst Summer Internship Program 2027 New York,hackajob,"New York, NY",https://www.linkedin.com/jobs/view/public-finance-analyst-summer-internship-program-2027-new-york-at-hackajob-4394427149?position=8&pageNum=0&refId=c8gR3%2BoVX6Z0oAzyd%2FQ%2FVQ%3D%3D&trackingId=Rwjv8wv39aEEB%2F26gIIjUA%3D%3D
Barclays,"Internship and Career Coordinator / Coach, Barclays Program",Good Shepherd Services,"Brooklyn, NY",https://www.linkedin.com/jobs/view/internship-and-career-coordinator-coach-barclays-program-at-good-shepherd-services-4378747707?position=9&pageNum=0&refId=c8gR3%2BoVX6Z0oAzyd%2FQ%2FVQ%3D%3D&trackingId=aruhVjaIwUCvyanqrUKvng%3D%3D
Barclays,Sales Intern,Occams Advisory,"Dehradun, Uttarakhand, India",https://in.linkedin.com/jobs/view/sales-intern-at-occams-advisory-4392406149?position=11&pageNum=0&refId=c8gR3%2BoVX6Z0oAzyd%2FQ%2FVQ%3D%3D&trackingId=wMf45yj6Pfslvv0Pr86oYw%3D%3D
Barclays,2026 Summer Internship - Recovery Operations & Project Coordination Intern,Best Egg,"New Castle County, DE",https://www.linkedin.com/jobs/view/2026-summer-internship-recovery-operations-project-coordination-intern-at-best-egg-4399436940?position=13&pageNum=0&refId=c8gR3%2BoVX6Z0oAzyd%2FQ%2FVQ%3D%3D&trackingId=9nxI99PT1xh64gaThRjgyw%3D%3D
Barclays,2026 Strategic Insights Summer Analyst,Financial Technology Partners / FT Partners,"San Francisco, CA",https://www.linkedin.com/jobs/view/2026-strategic-insights-summer-analyst-at-financial-technology-partners-ft-partners-4378114551?position=14&pageNum=0&refId=c8gR3%2BoVX6Z0oAzyd%2FQ%2FVQ%3D%3D&trackingId=7z3EMzn9wduN6tz%2B6JDEBA%3D%3D
Barclays,2026 Summer Internship - Back Office Operations & Process Improvement Intern,Best Egg,"New Castle County, DE",https://www.linkedin.com/jobs/view/2026-summer-internship-back-office-operations-process-improvement-intern-at-best-egg-4399441751?position=15&pageNum=0&refId=c8gR3%2BoVX6Z0oAzyd%2FQ%2FVQ%3D%3D&trackingId=DpfFWhvV4I%2BXwrHMtGQccA%3D%3D
Barclays,2026 Sponsor Coverage Summer Analyst,Financial Technology Partners / FT Partners,"San Francisco, CA",https://www.linkedin.com/jobs/view/2026-sponsor-coverage-summer-analyst-at-financial-technology-partners-ft-partners-4385070600?position=16&pageNum=0&refId=c8gR3%2BoVX6Z0oAzyd%2FQ%2FVQ%3D%3D&trackingId=tVIf1XxzWlcgHP7FQlxn%2FQ%3D%3D
Barclays,Veterinary Internist,EVG Specialty Network,"Brooklyn, NY",https://www.linkedin.com/jobs/view/veterinary-internist-at-evg-specialty-network-4334970562?position=17&pageNum=0&refId=c8gR3%2BoVX6Z0oAzyd%2FQ%2FVQ%3D%3D&trackingId=vtFU%2FPgMadW05ch1WLgjZg%3D%3D
Lloyds Banking Group,"Various entry-level jobs at CRA in Summerside, PE!",Canada Revenue Agency - Agence du revenu du Canada,"Summerside, Prince Edward Island, Canada",https://ca.linkedin.com/jobs/view/various-entry-level-jobs-at-cra-in-summerside-pe%21-at-canada-revenue-agency-agence-du-revenu-du-canada-4402982214?position=5&pageNum=0&refId=0PORNaXO9JfcGnwTOaWaGg%3D%3D&trackingId=oS1wKwUylxjYXAcLvSRHzg%3D%3D
Lloyds Banking Group,Automotive Engineer—Internship,Kasrawy Group Careers,"6th of October, Cairo, Egypt",https://eg.linkedin.com/jobs/view/automotive-engineer%E2%80%94internship-at-kasrawy-group-careers-4402142011?position=48&pageNum=0&refId=0PORNaXO9JfcGnwTOaWaGg%3D%3D&trackingId=Pia5OFH4QMgBxr%2Bg7pn%2B%2Fg%3D%3D
Lloyds Banking Group,Brand Management Internship,EssilorLuxottica,"Milan, Lombardy, Italy",https://it.linkedin.com/jobs/view/brand-management-internship-at-essilorluxottica-4402136234?position=60&pageNum=0&refId=0PORNaXO9JfcGnwTOaWaGg%3D%3D&trackingId=4hPrvHFhJqjWDwHvBYuSAA%3D%3D
Lloyds Banking Group,2027 Summer Analyst Program,Lloyds Banking Group,"New York, NY",https://www.linkedin.com/jobs/view/2027-summer-analyst-program-at-lloyds-banking-group-4375045105?position=1&pageNum=0&refId=kFG5dkeUKESUGFVXJopSZw%3D%3D&trackingId=2dYP%2BhEXSExKYsilrz0Orw%3D%3D
Unilever,Unilever Leadership Internship Program - Research & Development,Unilever,Pakistan,https://pk.linkedin.com/jobs/view/unilever-leadership-internship-program-research-development-at-unilever-4401721551?position=1&pageNum=0&refId=9wtUzAXexXdp%2B3GKCOoELA%3D%3D&trackingId=G0NvMewhDYX2%2FmKO372sXg%3D%3D
Unilever,Unilever Leadership Internship Program - Legal,Unilever,Pakistan,https://pk.linkedin.com/jobs/view/unilever-leadership-internship-program-legal-at-unilever-4401727339?position=2&pageNum=0&refId=9wtUzAXexXdp%2B3GKCOoELA%3D%3D&trackingId=VWbihEkE9hUbZqA1H7Htrw%3D%3D
Unilever,Unilever Leadership Internship Program - Marketing,Unilever,Pakistan,https://pk.linkedin.com/jobs/view/unilever%C2%A0leadership-internship-program-marketing-at-unilever-4401723478?position=3&pageNum=0&refId=9wtUzAXexXdp%2B3GKCOoELA%3D%3D&trackingId=1zZf4nw2UX8qCRwULBNeBw%3D%3D
Unilever,Unilever Leadership Internship Program - Human Resources,Unilever,Pakistan,https://pk.linkedin.com/jobs/view/unilever-leadership-internship-program-human-resources-at-unilever-4401709994?position=4&pageNum=0&refId=9wtUzAXexXdp%2B3GKCOoELA%3D%3D&trackingId=wEf2kkhS8QqTR4BORgK97w%3D%3D
Unilever,Unilever Leadership Internship Program - Finance,Unilever,Pakistan,https://pk.linkedin.com/jobs/view/unilever%C2%A0leadership-internship-program-finance-at-unilever-4401728322?position=5&pageNum=0&refId=9wtUzAXexXdp%2B3GKCOoELA%3D%3D&trackingId=h4VCv9NIczuO2KAQLRWVyA%3D%3D
Unilever,Unilever Leadership Internship Program - Supply Chain,Unilever,Pakistan,https://pk.linkedin.com/jobs/view/unilever%C2%A0leadership-internship-program-supply-chain-at-unilever-4401732050?position=6&pageNum=0&refId=9wtUzAXexXdp%2B3GKCOoELA%3D%3D&trackingId=XzUemMODFrpbTlbeb01rsQ%3D%3D
Unilever,Unilever Leadership Internship Program - Information Technology (IT),Unilever,Pakistan,https://pk.linkedin.com/jobs/view/unilever-leadership-internship-program-information-technology-it-at-unilever-4402030574?position=7&pageNum=0&refId=9wtUzAXexXdp%2B3GKCOoELA%3D%3D&trackingId=0ktEJana1rRy%2BrNCHSsiKg%3D%3D
Unilever,Unilever Leadership Internship Program - Customer Development,Unilever,Pakistan,https://pk.linkedin.com/jobs/view/unilever-leadership-internship-program-customer-development-at-unilever-4401729274?position=8&pageNum=0&refId=9wtUzAXexXdp%2B3GKCOoELA%3D%3D&trackingId=tgJ3nLIlrNe4Sq8bH%2BRT%2FA%3D%3D
Unilever,Unilever Internship – Business Week – Research & Development,Unilever,Philippines,https://ph.linkedin.com/jobs/view/unilever-internship-%E2%80%93-business-week-%E2%80%93-research-development-at-unilever-4401712924?position=9&pageNum=0&refId=9wtUzAXexXdp%2B3GKCOoELA%3D%3D&trackingId=ZIWcNUjYhJpr6ioC1Dm4Eg%3D%3D
Unilever,Unilever Internship – Business Week – Marketing,Unilever,Philippines,https://ph.linkedin.com/jobs/view/unilever-internship-%E2%80%93-business-week-%E2%80%93-marketing-at-unilever-4401717843?position=10&pageNum=0&refId=9wtUzAXexXdp%2B3GKCOoELA%3D%3D&trackingId=77NbTwgktr6ZiQXKrnIP1w%3D%3D
Unilever,Internship Data Analytics,Unilever,"Anderlecht, Brussels Region, Belgium",https://be.linkedin.com/jobs/view/internship-data-analytics-at-unilever-4401728316?position=11&pageNum=0&refId=9wtUzAXexXdp%2B3GKCOoELA%3D%3D&trackingId=LJG9z9BVk8PLzvmA6v2CCQ%3D%3D
Unilever,Unilever Internship – Business Week – Supply Chain,Unilever,Philippines,https://ph.linkedin.com/jobs/view/unilever-internship-%E2%80%93-business-week-%E2%80%93-supply-chain-at-unilever-4401712925?position=12&pageNum=0&refId=9wtUzAXexXdp%2B3GKCOoELA%3D%3D&trackingId=%2FABjhDVAO3qlZIza6fLv2Q%3D%3D
Unilever,Unilever Internship – Business Week – Human Resource,Unilever,Philippines,https://ph.linkedin.com/jobs/view/unilever-internship-%E2%80%93-business-week-%E2%80%93-human-resource-at-unilever-4401720608?position=13&pageNum=0&refId=9wtUzAXexXdp%2B3GKCOoELA%3D%3D&trackingId=wZHWVdDAYAGQCcpEFXavng%3D%3D
Unilever,Unilever Internship – Business Week – Global Business Services (GBS) & Global Digital and Technology (GDT),Unilever,Philippines,https://ph.linkedin.com/jobs/view/unilever-internship-%E2%80%93-business-week-%E2%80%93-global-business-services-gbs-global-digital-and-technology-gdt-at-unilever-4401709993?position=14&pageNum=0&refId=9wtUzAXexXdp%2B3GKCOoELA%3D%3D&trackingId=PWAEcl6GiSDMbCRpqIqhnA%3D%3D
Unilever,Unilever Internship – Business Week – Finance,Unilever,Philippines,https://ph.linkedin.com/jobs/view/unilever-internship-%E2%80%93-business-week-%E2%80%93-finance-at-unilever-4401733017?position=15&pageNum=0&refId=9wtUzAXexXdp%2B3GKCOoELA%3D%3D&trackingId=7KQ9Q6lA80BopW8ECldakA%3D%3D
Unilever,Unilever Internship – Business Week – Customer Development,Unilever,Philippines,https://ph.linkedin.com/jobs/view/unilever-internship-%E2%80%93-business-week-%E2%80%93-customer-development-at-unilever-4401715938?position=16&pageNum=0&refId=9wtUzAXexXdp%2B3GKCOoELA%3D%3D&trackingId=nYutTKbn2tqcF7ouvcetbA%3D%3D
Unilever,Unilever Internship – Business Week – Unilever Food Solutions,Unilever,Philippines,https://ph.linkedin.com/jobs/view/unilever-internship-%E2%80%93-business-week-%E2%80%93-unilever-food-solutions-at-unilever-4401729269?position=17&pageNum=0&refId=9wtUzAXexXdp%2B3GKCOoELA%3D%3D&trackingId=uXPoddkLZyEiJrfe2wMsfw%3D%3D
Unilever,Internship Marketing,Unilever,"Anderlecht, Brussels Region, Belgium",https://be.linkedin.com/jobs/view/internship-marketing-at-unilever-4401716870?position=18&pageNum=0&refId=9wtUzAXexXdp%2B3GKCOoELA%3D%3D&trackingId=fCdH0NXhLqi55RSLdvBwTg%3D%3D
Unilever,Internship Digital Marketing,Unilever,"Anderlecht, Brussels Region, Belgium",https://be.linkedin.com/jobs/view/internship-digital-marketing-at-unilever-4401712920?position=19&pageNum=0&refId=9wtUzAXexXdp%2B3GKCOoELA%3D%3D&trackingId=jt%2FZ9JEY2r2xtK18habnuA%3D%3D
Unilever,Local Marketing Intern,Unilever,"Tegucigalpa, Francisco Morazán, Honduras",https://hn.linkedin.com/jobs/view/local-marketing-intern-at-unilever-4401733019?position=20&pageNum=0&refId=9wtUzAXexXdp%2B3GKCOoELA%3D%3D&trackingId=b%2B4xZxI2xMBs6%2FJlVeNlww%3D%3D
Unilever,Internship Category Management,Unilever,"Anderlecht, Brussels Region, Belgium",https://be.linkedin.com/jobs/view/internship-category-management-at-unilever-4401715934?position=21&pageNum=0&refId=9wtUzAXexXdp%2B3GKCOoELA%3D%3D&trackingId=%2BZU2FjWkyWYd3drpjYhqsg%3D%3D
Unilever,Intern: Supply Planning,Dermalogica,"Carson, CA",https://www.linkedin.com/jobs/view/intern-supply-planning-at-dermalogica-4391910546?position=22&pageNum=0&refId=9wtUzAXexXdp%2B3GKCOoELA%3D%3D&trackingId=WJxgNFw1hy7xobVwIxKcMQ%3D%3D
Unilever,CDO Intern,Unilever,"San Salvador, San Salvador, El Salvador",https://sv.linkedin.com/jobs/view/cdo-intern-at-unilever-4401733020?position=23&pageNum=0&refId=9wtUzAXexXdp%2B3GKCOoELA%3D%3D&trackingId=U6eC%2FIlcKfTfNyC2LVimjQ%3D%3D
Unilever,Internship European External Affairs,Unilever,"Anderlecht, Brussels Region, Belgium",https://be.linkedin.com/jobs/view/internship-european-external-affairs-at-unilever-4401733015?position=24&pageNum=0&refId=9wtUzAXexXdp%2B3GKCOoELA%3D%3D&trackingId=sYNaHEGlDMc6842ApoRQnw%3D%3D
Unilever,Regional Marketing Intern,Unilever,"Belén, Heredia, Costa Rica",https://cr.linkedin.com/jobs/view/regional-marketing-intern-at-unilever-4401708985?position=25&pageNum=0&refId=9wtUzAXexXdp%2B3GKCOoELA%3D%3D&trackingId=6jR8CeImalZ%2BBWnP%2Bg%2BUhw%3D%3D
Unilever,SHE intern,Unilever,"San Salvador, San Salvador, El Salvador",https://sv.linkedin.com/jobs/view/she-intern-at-unilever-4401716875?position=26&pageNum=0&refId=9wtUzAXexXdp%2B3GKCOoELA%3D%3D&trackingId=%2BYGkPUO9RfCcXgeAjxsJbw%3D%3D
Unilever,Local Marketing Intern,Unilever,"San Salvador, San Salvador, El Salvador",https://sv.linkedin.com/jobs/view/local-marketing-intern-at-unilever-4401731103?position=27&pageNum=0&refId=9wtUzAXexXdp%2B3GKCOoELA%3D%3D&trackingId=BKQgBalN0dFDvEGcdpZMDA%3D%3D
Unilever,Regional Marketing Intern,Unilever,"San Salvador, San Salvador, El Salvador",https://sv.linkedin.com/jobs/view/regional-marketing-intern-at-unilever-4401733022?position=28&pageNum=0&refId=9wtUzAXexXdp%2B3GKCOoELA%3D%3D&trackingId=GQAjDRm8JdKo%2F7su7T2MZg%3D%3D
Unilever,Local Marketing Intern,Unilever,"Managua, Managua, Nicaragua",https://ni.linkedin.com/jobs/view/local-marketing-intern-at-unilever-4401713951?position=30&pageNum=0&refId=9wtUzAXexXdp%2B3GKCOoELA%3D%3D&trackingId=joSqYhSQzmdszxd8wTxYFw%3D%3D
Unilever,Accelerator Programme: HR Internship - Pakistan,The Magnum Ice Cream Company,"Karāchi, Sindh, Pakistan",https://pk.linkedin.com/jobs/view/accelerator-programme-hr-internship-pakistan-at-the-magnum-ice-cream-company-4398153337?position=31&pageNum=0&refId=9wtUzAXexXdp%2B3GKCOoELA%3D%3D&trackingId=3Cx53X1vhaAfYopnoK6dQA%3D%3D
Unilever,Internship Sales,Unilever,"Anderlecht, Brussels Region, Belgium",https://be.linkedin.com/jobs/view/internship-sales-at-unilever-4401723473?position=32&pageNum=0&refId=9wtUzAXexXdp%2B3GKCOoELA%3D%3D&trackingId=WfwvNkvLiijqErOnzLtr8A%3D%3D
Unilever,Customer Development Internship - 2026,Unilever,Saudi Arabia,https://sa.linkedin.com/jobs/view/customer-development-internship-2026-at-unilever-4401727331?position=34&pageNum=0&refId=9wtUzAXexXdp%2B3GKCOoELA%3D%3D&trackingId=aE5A0IO5yggCWiEozBDc%2FQ%3D%3D
Unilever,Accelerator Programme: Customer Development Internship - Pakistan,The Magnum Ice Cream Company,"Karāchi, Sindh, Pakistan",https://pk.linkedin.com/jobs/view/accelerator-programme-customer-development-internship-pakistan-at-the-magnum-ice-cream-company-4398144483?position=38&pageNum=0&refId=9wtUzAXexXdp%2B3GKCOoELA%3D%3D&trackingId=VDaKplqkPnbNvqmepW%2BY6g%3D%3D
Unilever,Accelerator Programme: Customer Development Internship - Pakistan,The Magnum Ice Cream Company,"Islamabad, Islāmābād, Pakistan",https://pk.linkedin.com/jobs/view/accelerator-programme-customer-development-internship-pakistan-at-the-magnum-ice-cream-company-4398134546?position=39&pageNum=0&refId=9wtUzAXexXdp%2B3GKCOoELA%3D%3D&trackingId=5zf%2BsGcYLa2EgP%2Fn7EOmXg%3D%3D
Unilever,Accelerator Programme: Marketing Internship - Pakistan,The Magnum Ice Cream Company,"Karāchi, Sindh, Pakistan",https://pk.linkedin.com/jobs/view/accelerator-programme-marketing-internship-pakistan-at-the-magnum-ice-cream-company-4398147468?position=40&pageNum=0&refId=9wtUzAXexXdp%2B3GKCOoELA%3D%3D&trackingId=rKpOxkQ6wg7fU%2FbcroM%2B0Q%3D%3D
Unilever,B.Sc/M.Sc Graduates from WEST BENGAL Only: SigiloTech’s Paid Internship-to-Full-Time Opportunity!,SigiloTech,"Kolkata metropolitan area, West Bengal, India",https://in.linkedin.com/jobs/view/b-sc-m-sc-graduates-from-west-bengal-only-sigilotech%E2%80%99s-paid-internship-to-full-time-opportunity%21-at-sigilotech-4400700762?position=41&pageNum=0&refId=9wtUzAXexXdp%2B3GKCOoELA%3D%3D&trackingId=dqX%2BvZ2oTUtpbLTwI06bIQ%3D%3D
Unilever,Accelerator Programme: Customer Development Internship - Pakistan,The Magnum Ice Cream Company,"Hyderabad, Sindh, Pakistan",https://pk.linkedin.com/jobs/view/accelerator-programme-customer-development-internship-pakistan-at-the-magnum-ice-cream-company-4398150434?position=42&pageNum=0&refId=9wtUzAXexXdp%2B3GKCOoELA%3D%3D&trackingId=2UkdzFUzfP5MwqeGmSivug%3D%3D
Unilever,Consumer Insights Intern,The Magnum Ice Cream Company,"Istanbul, Türkiye",https://tr.linkedin.com/jobs/view/consumer-insights-intern-at-the-magnum-ice-cream-company-4398152392?position=44&pageNum=0&refId=9wtUzAXexXdp%2B3GKCOoELA%3D%3D&trackingId=srj447z1aq0yrgTcA9hLxw%3D%3D
Unilever,Creator Partnerships Intern,Agentio,"New York, NY",https://www.linkedin.com/jobs/view/creator-partnerships-intern-at-agentio-4345639800?position=45&pageNum=0&refId=9wtUzAXexXdp%2B3GKCOoELA%3D%3D&trackingId=eIiGS7%2B5MhQy9czIHQyWwQ%3D%3D
Unilever,Ice Cream Intern,The Magnum Ice Cream Company,"Rome, Latium, Italy",https://it.linkedin.com/jobs/view/ice-cream-intern-at-the-magnum-ice-cream-company-4376767068?position=46&pageNum=0&refId=9wtUzAXexXdp%2B3GKCOoELA%3D%3D&trackingId=phwx2vMLXVAU8JM%2BG6L6QA%3D%3D
Unilever,Accelerator Programme: Customer Development Internship - Pakistan,The Magnum Ice Cream Company,"Lahore, Punjab, Pakistan",https://pk.linkedin.com/jobs/view/accelerator-programme-customer-development-internship-pakistan-at-the-magnum-ice-cream-company-4398133589?position=47&pageNum=0&refId=9wtUzAXexXdp%2B3GKCOoELA%3D%3D&trackingId=cu0azkTVG7uo3nWqbPvLbA%3D%3D
Unilever,Working Internship – Sustainability Strategy & Consulting,Accenture the Netherlands,"Amsterdam, North Holland, Netherlands",https://nl.linkedin.com/jobs/view/working-internship-%E2%80%93-sustainability-strategy-consulting-at-accenture-the-netherlands-4397633142?position=49&pageNum=0&refId=9wtUzAXexXdp%2B3GKCOoELA%3D%3D&trackingId=LoKkmAgtbNueCpyscUpScA%3D%3D
Unilever,Accelerator Programme: Supply Chain (Non-Manufacturing) Internship - Pakistan,The Magnum Ice Cream Company,"Karāchi, Sindh, Pakistan",https://pk.linkedin.com/jobs/view/accelerator-programme-supply-chain-non-manufacturing-internship-pakistan-at-the-magnum-ice-cream-company-4398133590?position=50&pageNum=0&refId=9wtUzAXexXdp%2B3GKCOoELA%3D%3D&trackingId=ulC1KjNpRjlINNoiydtUtg%3D%3D
Unilever,Accelerator Programme: Customer Development Internship - Pakistan,The Magnum Ice Cream Company,"Multan, Punjab, Pakistan",https://pk.linkedin.com/jobs/view/accelerator-programme-customer-development-internship-pakistan-at-the-magnum-ice-cream-company-4398148473?position=51&pageNum=0&refId=9wtUzAXexXdp%2B3GKCOoELA%3D%3D&trackingId=vxLyDSQ5RAqglxP0so5baw%3D%3D
Unilever,Engineering Internship,Conveo,"Antwerp, Flemish Region, Belgium",https://be.linkedin.com/jobs/view/engineering-internship-at-conveo-4386964162?position=52&pageNum=0&refId=9wtUzAXexXdp%2B3GKCOoELA%3D%3D&trackingId=3OiY5uNE3dnpfkqI%2F5tNfw%3D%3D
Unilever,Accelerator Programme: Supply Chain (Manufacturing) Internship - Pakistan,The Magnum Ice Cream Company,"Lahore, Punjab, Pakistan",https://pk.linkedin.com/jobs/view/accelerator-programme-supply-chain-manufacturing-internship-pakistan-at-the-magnum-ice-cream-company-4398152390?position=53&pageNum=0&refId=9wtUzAXexXdp%2B3GKCOoELA%3D%3D&trackingId=YPSsWh8c%2BSTnVBi6XVTCDw%3D%3D
Unilever,Accelerator Programme: Customer Development Internship - Pakistan,The Magnum Ice Cream Company,"Faisalabad, Punjab, Pakistan",https://pk.linkedin.com/jobs/view/accelerator-programme-customer-development-internship-pakistan-at-the-magnum-ice-cream-company-4398137555?position=54&pageNum=0&refId=9wtUzAXexXdp%2B3GKCOoELA%3D%3D&trackingId=ABALzrk%2FC8v864ost6M5Og%3D%3D
Unilever,"Intern Program 2026 | Marketing, Strategy & Communications",The Magnum Ice Cream Company,"Tultitlá de Mariano Escobedo, México, Mexico",https://mx.linkedin.com/jobs/view/intern-program-2026-marketing-strategy-communications-at-the-magnum-ice-cream-company-4393823492?position=55&pageNum=0&refId=9wtUzAXexXdp%2B3GKCOoELA%3D%3D&trackingId=b%2F77Ybp3WIBoLb9U3%2B1w0w%3D%3D
Unilever,Accelerator Programme: Finance Internship - Pakistan,The Magnum Ice Cream Company,"Hilton Head Island, South Carolina Area",https://www.linkedin.com/jobs/view/accelerator-programme-finance-internship-pakistan-at-the-magnum-ice-cream-company-4398153338?position=56&pageNum=0&refId=9wtUzAXexXdp%2B3GKCOoELA%3D%3D&trackingId=x%2FC4e1fuC6pIuTvSGTefAw%3D%3D
Unilever,SHE GTM Intern,Unilever,"Belén District, Guanacaste, Costa Rica",https://cr.linkedin.com/jobs/view/she-gtm-intern-at-unilever-4401714865?position=57&pageNum=0&refId=9wtUzAXexXdp%2B3GKCOoELA%3D%3D&trackingId=WT9BgruNxzsAnJ0%2BPKXORQ%3D%3D
Unilever,GTM Associate - Internship,Conveo,"Antwerp, Flemish Region, Belgium",https://be.linkedin.com/jobs/view/gtm-associate-internship-at-conveo-4387482503?position=58&pageNum=0&refId=9wtUzAXexXdp%2B3GKCOoELA%3D%3D&trackingId=4C%2Fxq8LvTwXfNzXSDhNdAQ%3D%3D
Unilever,Accelerator Programme: Supply Chain (Non-Manufacturing) Internship - Pakistan,The Magnum Ice Cream Company,"Lahore, Punjab, Pakistan",https://pk.linkedin.com/jobs/view/accelerator-programme-supply-chain-non-manufacturing-internship-pakistan-at-the-magnum-ice-cream-company-4398138476?position=60&pageNum=0&refId=9wtUzAXexXdp%2B3GKCOoELA%3D%3D&trackingId=Z9OC3jQYLaQS5s4z3qxknA%3D%3D
Tesco,Frontend engineer intern,GenPark,"Los Angeles, CA",https://www.linkedin.com/jobs/view/frontend-engineer-intern-at-genpark-4402133893?position=43&pageNum=0&refId=uc6yr2JD81QMBcAmQykBTw%3D%3D&trackingId=8UcwuXBmomRNQH8lD8kwlA%3D%3D
Sainsbury's,"Intern, Data & Analytics",Saatchi X,"Springdale, AR",https://www.linkedin.com/jobs/view/intern-data-analytics-at-saatchi-x-4402130909?position=8&pageNum=0&refId=XascVTl40wRaXZUxCPgJiA%3D%3D&trackingId=kuz%2FzXQghaZrIWSGWsRIEw%3D%3D
Sainsbury's,Estagiário - Transformação/ Consultoria Interna (6 meses),Banco BPI,"Lisbon, Portugal",https://pt.linkedin.com/jobs/view/estagi%C3%A1rio-transforma%C3%A7%C3%A3o-consultoria-interna-6-meses-at-banco-bpi-4402974454?position=19&pageNum=0&refId=XascVTl40wRaXZUxCPgJiA%3D%3D&trackingId=dE9JLr2wd3I5R7%2BKK5mikA%3D%3D
Sainsbury's,"Data Science Intern (Python, SQL, Pandas)",Wake Up Whistle,India,https://in.linkedin.com/jobs/view/data-science-intern-python-sql-pandas-at-wake-up-whistle-4402152266?position=26&pageNum=0&refId=XascVTl40wRaXZUxCPgJiA%3D%3D&trackingId=pMpj5WpTAi%2BUCFxzJ%2BCriQ%3D%3D
Sainsbury's,Business Program Management: Fall Co-Op Internship Opportunities,Microsoft,"Toronto, Ontario, Canada",https://ca.linkedin.com/jobs/view/business-program-management-fall-co-op-internship-opportunities-at-microsoft-4402945875?position=34&pageNum=0&refId=XascVTl40wRaXZUxCPgJiA%3D%3D&trackingId=%2FP9PhRafZHcbEspWPdzS4g%3D%3D
Sainsbury's,Finance Intern - 6 Months Internship,Parfums Christian Dior,"Copenhagen, Capital Region of Denmark, Denmark",https://dk.linkedin.com/jobs/view/finance-intern-6-months-internship-at-parfums-christian-dior-4402974363?position=37&pageNum=0&refId=XascVTl40wRaXZUxCPgJiA%3D%3D&trackingId=pV3KqPPSYmCtycXfUA5Lng%3D%3D
Sainsbury's,Field Product Marketing: Fall Co-Op Internship Opportunities,Microsoft,"Toronto, Ontario, Canada",https://ca.linkedin.com/jobs/view/field-product-marketing-fall-co-op-internship-opportunities-at-microsoft-4402937952?position=40&pageNum=0&refId=XascVTl40wRaXZUxCPgJiA%3D%3D&trackingId=16NopgWGsEW58dm9Q%2FbAFg%3D%3D
Sainsbury's,Finance: Fall Co-Op Internship Opportunities,Microsoft,"Toronto, Ontario, Canada",https://ca.linkedin.com/jobs/view/finance-fall-co-op-internship-opportunities-at-microsoft-4402948808?position=42&pageNum=0&refId=XascVTl40wRaXZUxCPgJiA%3D%3D&trackingId=0kiTia19DU7IQv%2B2jfhF%2FQ%3D%3D
Sainsbury's,PRADA - CLIENT COORDINATOR INTERN MONACO - H/F,Prada Group,"Monaco, Monaco, Monaco",https://mc.linkedin.com/jobs/view/prada-client-coordinator-intern-monaco-h-f-at-prada-group-4402136436?position=44&pageNum=0&refId=XascVTl40wRaXZUxCPgJiA%3D%3D&trackingId=2axDeaQSIMUQXh1ui%2BUDRA%3D%3D
Sainsbury's,Partner Marketing: Fall Co-Op Internship Opportunities,Microsoft,"Toronto, Ontario, Canada",https://ca.linkedin.com/jobs/view/partner-marketing-fall-co-op-internship-opportunities-at-microsoft-4402939952?position=52&pageNum=0&refId=XascVTl40wRaXZUxCPgJiA%3D%3D&trackingId=pWKOe0QB%2Fj5UqhkC53cLkg%3D%3D
Sainsbury's,Clinical Outcomes Part-Time Intern,"Progyny, Inc.","New York, NY",https://www.linkedin.com/jobs/view/clinical-outcomes-part-time-intern-at-progyny-inc-4402988022?position=53&pageNum=0&refId=XascVTl40wRaXZUxCPgJiA%3D%3D&trackingId=1fz9T20n0Axr3UBXjhZu4w%3D%3D
Sainsbury's,Marketing Intern,Pip & Nut | B Corp,"Brussels Region, Belgium",https://be.linkedin.com/jobs/view/marketing-intern-at-pip-nut-b-corp-4390329826?position=1&pageNum=0&refId=4GxEKsNdgKmgGbEsubdQRg%3D%3D&trackingId=x264Y9U%2BGUK8FUXqh0uUzQ%3D%3D
Sainsbury's,Curricular Internship People Administrator,VML Enterprise Solutions,"Porto, Porto, Portugal",https://pt.linkedin.com/jobs/view/curricular-internship-people-administrator-at-vml-enterprise-solutions-4378343691?position=2&pageNum=0&refId=4GxEKsNdgKmgGbEsubdQRg%3D%3D&trackingId=t2K5gZyzOIVwj%2FC%2BV6GwNw%3D%3D
Diageo,Human Resources Intern,PPHC,"Washington, DC",https://www.linkedin.com/jobs/view/human-resources-intern-at-pphc-4402971919?position=27&pageNum=0&refId=vVEU0qpGFsCxTJD8Uo2%2B%2FQ%3D%3D&trackingId=hIO6dZhAIB8tVSBjTPmIyA%3D%3D
Shell,Software Engineer Intern,Visa,"Reading, England, United Kingdom",https://uk.linkedin.com/jobs/view/software-engineer-intern-at-visa-4390171208?position=2&pageNum=0&refId=bXGfaTeAX%2FZvTp2SyLjDug%3D%3D&trackingId=I9Lzz8s42tHV2y7ZPDFPcQ%3D%3D
Shell,(General Hire) Machine Learning Engineer Intern (TikTok-Recommendation) - 2026 Summer (BS/MS),TikTok,"San Jose, CA",https://www.linkedin.com/jobs/view/general-hire-machine-learning-engineer-intern-tiktok-recommendation-2026-summer-bs-ms-at-tiktok-4273285373?position=3&pageNum=0&refId=bXGfaTeAX%2FZvTp2SyLjDug%3D%3D&trackingId=SZXid2rF0wRAzAP%2BweCSgg%3D%3D
Shell,Software Development Engineer Intern (IIoT) (49550),Headway Technologies,"Milpitas, CA",https://www.linkedin.com/jobs/view/software-development-engineer-intern-iiot-49550-at-headway-technologies-4372781180?position=6&pageNum=0&refId=bXGfaTeAX%2FZvTp2SyLjDug%3D%3D&trackingId=9cfdc5JuzTYlFncWDdEXTg%3D%3D
Shell,Shell Assessed Internship Program 2026 - China,Shell,"Shanghai, Shanghai, China",https://cn.linkedin.com/jobs/view/shell-assessed-internship-program-2026-china-at-shell-4377669985?position=7&pageNum=0&refId=bXGfaTeAX%2FZvTp2SyLjDug%3D%3D&trackingId=cbnhw8uSSDiYyznNWPzaJQ%3D%3D
Shell,Software Engineer Intern - 12 month Industry Placement,Roku,"Cambridge, England, United Kingdom",https://uk.linkedin.com/jobs/view/software-engineer-intern-12-month-industry-placement-at-roku-4391564515?position=8&pageNum=0&refId=bXGfaTeAX%2FZvTp2SyLjDug%3D%3D&trackingId=OKVa7haNBg%2BVIeN8vpQtTg%3D%3D
Shell,Supply Chain Intern,Shell,"Cyberjaya, Selangor, Malaysia",https://my.linkedin.com/jobs/view/supply-chain-intern-at-shell-4371105834?position=9&pageNum=0&refId=bXGfaTeAX%2FZvTp2SyLjDug%3D%3D&trackingId=1INvp0eNyi%2FF081KLyCV9w%3D%3D
Shell,"Intern, Software Developer",HealthStream,"Nashville, TN",https://www.linkedin.com/jobs/view/intern-software-developer-at-healthstream-4400650670?position=10&pageNum=0&refId=bXGfaTeAX%2FZvTp2SyLjDug%3D%3D&trackingId=Vn0ewwWGQ02KA5QN7h3FEw%3D%3D
Shell,Internship,TalaKunchi Networks Pvt Ltd,Mumbai Metropolitan Region,https://in.linkedin.com/jobs/view/internship-at-talakunchi-networks-pvt-ltd-4311219042?position=12&pageNum=0&refId=bXGfaTeAX%2FZvTp2SyLjDug%3D%3D&trackingId=HsDL8We%2FOt0pQM3VWJ%2FwHQ%3D%3D
Shell,Software Development Intern,Fortinet,"Sunnyvale, CA",https://www.linkedin.com/jobs/view/software-development-intern-at-fortinet-4399409571?position=14&pageNum=0&refId=bXGfaTeAX%2FZvTp2SyLjDug%3D%3D&trackingId=8CFh2jPdngC9o7H6ok9MRg%3D%3D
Shell,Intern - Software Application Development,Coherent Corp.,"Fremont, CA",https://www.linkedin.com/jobs/view/intern-software-application-development-at-coherent-corp-4383025727?position=15&pageNum=0&refId=bXGfaTeAX%2FZvTp2SyLjDug%3D%3D&trackingId=HO2RRKzSElMpciwsSPabjA%3D%3D
Shell,Shell Assessed Internship Program 2026 - China,Shell,"Beijing, Beijing, China",https://cn.linkedin.com/jobs/view/shell-assessed-internship-program-2026-china-at-shell-4377684287?position=16&pageNum=0&refId=bXGfaTeAX%2FZvTp2SyLjDug%3D%3D&trackingId=wIq6zNF63Fkz1Who3H1kNQ%3D%3D
Shell,Linux Engineer Internship in Dehradun,VIZON,"Dehradun, Uttarakhand, India",https://in.linkedin.com/jobs/view/linux-engineer-internship-in-dehradun-at-vizon-4393989536?position=17&pageNum=0&refId=bXGfaTeAX%2FZvTp2SyLjDug%3D%3D&trackingId=ZphG%2FF5g84SWQMt%2F6KyxMw%3D%3D
Shell,"Full-stack Developer, 2022 Internship",Sapientia Technologies Limited,Hong Kong SAR,https://hk.linkedin.com/jobs/view/full-stack-developer-2022-internship-at-sapientia-technologies-limited-4307524709?position=18&pageNum=0&refId=bXGfaTeAX%2FZvTp2SyLjDug%3D%3D&trackingId=XhIhOGFCRQWM1OJyyupF3A%3D%3D
Shell,Python Systems Engineer Internship in Bangalore,Technoculture Research,"Bengaluru, Karnataka, India",https://in.linkedin.com/jobs/view/python-systems-engineer-internship-in-bangalore-at-technoculture-research-4398956336?position=19&pageNum=0&refId=bXGfaTeAX%2FZvTp2SyLjDug%3D%3D&trackingId=tfWQrJLEnUnZRAraRSaUdA%3D%3D
Shell,Engineer - Intern,Shell,"Kota Kinabalu, Sabah, Malaysia",https://my.linkedin.com/jobs/view/engineer-intern-at-shell-4371747852?position=20&pageNum=0&refId=bXGfaTeAX%2FZvTp2SyLjDug%3D%3D&trackingId=Xkf7bXkVKZT5OvfQOEeZUw%3D%3D
Shell,DevOps Engineer Internship in Mumbai,DigiPlus IT,Mumbai Metropolitan Region,https://in.linkedin.com/jobs/view/devops-engineer-internship-in-mumbai-at-digiplus-it-4399913336?position=21&pageNum=0&refId=bXGfaTeAX%2FZvTp2SyLjDug%3D%3D&trackingId=frklLSw%2Bj4A7gEr9NcmqYA%3D%3D
Shell,Backend Development Intern,Tencent,"Singapore, Singapore",https://sg.linkedin.com/jobs/view/backend-development-intern-at-tencent-4388576353?position=22&pageNum=0&refId=bXGfaTeAX%2FZvTp2SyLjDug%3D%3D&trackingId=DtF7%2Fjz9iXimDUhWmpWwXQ%3D%3D
Shell,Cyber Security - Intern,xIoTz Private Limited,"Anekal, Karnataka, India",https://in.linkedin.com/jobs/view/cyber-security-intern-at-xiotz-private-limited-4330243402?position=23&pageNum=0&refId=bXGfaTeAX%2FZvTp2SyLjDug%3D%3D&trackingId=8X4m51kmsCYx6t1H8%2BkE1g%3D%3D
Shell,Network Data & Space Planning Intern,Shell,"Taman Wilayah, Federal Territory of Kuala Lumpur, Malaysia",https://my.linkedin.com/jobs/view/network-data-space-planning-intern-at-shell-4370230819?position=24&pageNum=0&refId=bXGfaTeAX%2FZvTp2SyLjDug%3D%3D&trackingId=9MEbN%2BIPoEfEQ2X0W9240Q%3D%3D
Shell,R&D Software Engineering Internship,Keysight Technologies,"Calabasas, CA",https://www.linkedin.com/jobs/view/r-d-software-engineering-internship-at-keysight-technologies-4337717767?position=25&pageNum=0&refId=bXGfaTeAX%2FZvTp2SyLjDug%3D%3D&trackingId=OpO3BgnyiGaj9XB6SNpYIw%3D%3D
Shell,Shell Assessed Internship Programme 2026 - Netherlands,Shell,"Amsterdam, North Holland, Netherlands",https://nl.linkedin.com/jobs/view/shell-assessed-internship-programme-2026-netherlands-at-shell-4314250406?position=26&pageNum=0&refId=bXGfaTeAX%2FZvTp2SyLjDug%3D%3D&trackingId=sKHZ5YV6QCJ6R%2FM3iC%2FjOw%3D%3D
Shell,Machine Learning Engineer Intern - Global E-Commerce Content Recommendation - 2026 Summer (BS/MS),TikTok,"Seattle, WA",https://www.linkedin.com/jobs/view/machine-learning-engineer-intern-global-e-commerce-content-recommendation-2026-summer-bs-ms-at-tiktok-4273280546?position=27&pageNum=0&refId=bXGfaTeAX%2FZvTp2SyLjDug%3D%3D&trackingId=8R7VGzoP4sN5p%2BB8JgNkSQ%3D%3D
Shell,IT Intern,Exus Renewables North America,"Pittsburgh, PA",https://www.linkedin.com/jobs/view/it-intern-at-exus-renewables-north-america-4376322207?position=28&pageNum=0&refId=bXGfaTeAX%2FZvTp2SyLjDug%3D%3D&trackingId=m6XeDXFZkeZ19ClKVhEe2w%3D%3D
Shell,"Software Engineering Intern, Embedded Platforms - Summer 2026",Rivian and Volkswagen Group Technologies,"Palo Alto, CA",https://www.linkedin.com/jobs/view/software-engineering-intern-embedded-platforms-summer-2026-at-rivian-and-volkswagen-group-technologies-4344855106?position=30&pageNum=0&refId=bXGfaTeAX%2FZvTp2SyLjDug%3D%3D&trackingId=w%2BWM1ajaKBiPy819pqfzhg%3D%3D
Shell,2026 Summer Internship - AI Engineer,DV Trading LLC,"Chicago, IL",https://www.linkedin.com/jobs/view/2026-summer-internship-ai-engineer-at-dv-trading-llc-4390633297?position=31&pageNum=0&refId=bXGfaTeAX%2FZvTp2SyLjDug%3D%3D&trackingId=RM73%2FXLnbEgWo%2FJPvMAFnQ%3D%3D
Shell,Internship - Software Engineering - ML (H/F),Withings,"Issy-les-Moulineaux, Île-de-France, France",https://fr.linkedin.com/jobs/view/internship-software-engineering-ml-h-f-at-withings-4374790445?position=32&pageNum=0&refId=bXGfaTeAX%2FZvTp2SyLjDug%3D%3D&trackingId=J%2F3NP0j9rhpamVEK8oVIkw%3D%3D
Shell,Material Science Intern,C-Cube International,"Delft, South Holland, Netherlands",https://nl.linkedin.com/jobs/view/material-science-intern-at-c-cube-international-4393020262?position=33&pageNum=0&refId=bXGfaTeAX%2FZvTp2SyLjDug%3D%3D&trackingId=CZ3EShY2IUC1nPBZde9gtA%3D%3D
Shell,Shell Assessed Internship Programme 2026 - Netherlands,Shell,"The Hague, South Holland, Netherlands",https://nl.linkedin.com/jobs/view/shell-assessed-internship-programme-2026-netherlands-at-shell-4314246467?position=34&pageNum=0&refId=bXGfaTeAX%2FZvTp2SyLjDug%3D%3D&trackingId=eMheIkcSezUTh8mI1lasMA%3D%3D
Shell,Internship - Data Reporting & Analysis (PMO),U Mobile,"Kuala Lumpur, Federal Territory of Kuala Lumpur, Malaysia",https://my.linkedin.com/jobs/view/internship-data-reporting-analysis-pmo-at-u-mobile-4390924699?position=35&pageNum=0&refId=bXGfaTeAX%2FZvTp2SyLjDug%3D%3D&trackingId=byoAspPz7SpK3nqS9hEAKQ%3D%3D
Shell,Walkin Drive - Intern (Site Reliability Engineer - SRE),Zycus,"Mumbai, Maharashtra, India",https://in.linkedin.com/jobs/view/walkin-drive-intern-site-reliability-engineer-sre-at-zycus-4401037542?position=36&pageNum=0&refId=bXGfaTeAX%2FZvTp2SyLjDug%3D%3D&trackingId=yRSN8F%2B6Je7JvBQidNRFpg%3D%3D
Shell,"Software Engineer, Tooling (Internship)",Woven by Toyota,"Palo Alto, CA",https://www.linkedin.com/jobs/view/software-engineer-tooling-internship-at-woven-by-toyota-4352405478?position=37&pageNum=0&refId=bXGfaTeAX%2FZvTp2SyLjDug%3D%3D&trackingId=qRCBKERqpE1YSeU90h2hZQ%3D%3D
Shell,Lab Assistant Intern,C-Cube International,"Delft, South Holland, Netherlands",https://nl.linkedin.com/jobs/view/lab-assistant-intern-at-c-cube-international-4396068620?position=38&pageNum=0&refId=bXGfaTeAX%2FZvTp2SyLjDug%3D%3D&trackingId=VEMdQJ356PUAptK73ahycg%3D%3D
Shell,2026 Summer Internship - DevOps Engineer,DV Trading LLC,"Chicago, IL",https://www.linkedin.com/jobs/view/2026-summer-internship-devops-engineer-at-dv-trading-llc-4389972054?position=39&pageNum=0&refId=bXGfaTeAX%2FZvTp2SyLjDug%3D%3D&trackingId=s3uAcff6fZb999KM2%2BeDbQ%3D%3D
Shell,Full Stack Intern,xIoTz Private Limited,"Coimbatore, Tamil Nadu, India",https://in.linkedin.com/jobs/view/full-stack-intern-at-xiotz-private-limited-4330263043?position=40&pageNum=0&refId=bXGfaTeAX%2FZvTp2SyLjDug%3D%3D&trackingId=7cHIYhV1nGaiJqQ8n%2FL2LQ%3D%3D
Shell,"Software Engineering Intern, Embedded Platforms - Summer 2026",Rivian and Volkswagen Group Technologies,"Irvine, CA",https://www.linkedin.com/jobs/view/software-engineering-intern-embedded-platforms-summer-2026-at-rivian-and-volkswagen-group-technologies-4344897658?position=41&pageNum=0&refId=bXGfaTeAX%2FZvTp2SyLjDug%3D%3D&trackingId=Vb4WVEujTWwFXxf3%2F1qHNA%3D%3D
Shell,"System Development Engineer Intern, Sydney",Amazon,"Sydney, New South Wales, Australia",https://au.linkedin.com/jobs/view/system-development-engineer-intern-sydney-at-amazon-4390839073?position=42&pageNum=0&refId=bXGfaTeAX%2FZvTp2SyLjDug%3D%3D&trackingId=cSzgSPcb2tME3SBUgWrQdQ%3D%3D
Shell,Machine Learning Engineer Intern - Global E-Commerce Content Recommendation - 2026 Summer (BS/MS),TikTok,"San Jose, CA",https://www.linkedin.com/jobs/view/machine-learning-engineer-intern-global-e-commerce-content-recommendation-2026-summer-bs-ms-at-tiktok-4397509379?position=43&pageNum=0&refId=bXGfaTeAX%2FZvTp2SyLjDug%3D%3D&trackingId=UBlQg77haurgTE8uDmwtVA%3D%3D
Shell,SUMMER INTERNSHIP - Software & Data Engineering Intern,CableLabs,"Louisville, CO",https://www.linkedin.com/jobs/view/summer-internship-software-data-engineering-intern-at-cablelabs-4360074977?position=44&pageNum=0&refId=bXGfaTeAX%2FZvTp2SyLjDug%3D%3D&trackingId=yokd8Ji0yCBoehzPot4Bhw%3D%3D
Shell,Engineering Intern (Linux/Java),凯易讯网络技术开发(南京)有限公司,"Nanjing, Jiangsu, China",https://cn.linkedin.com/jobs/view/engineering-intern-linux-java-at-%E5%87%AF%E6%98%93%E8%AE%AF%E7%BD%91%E7%BB%9C%E6%8A%80%E6%9C%AF%E5%BC%80%E5%8F%91-%E5%8D%97%E4%BA%AC-%E6%9C%89%E9%99%90%E5%85%AC%E5%8F%B8-4349471983?position=46&pageNum=0&refId=bXGfaTeAX%2FZvTp2SyLjDug%3D%3D&trackingId=4DMHlX99lOM9dnZX7oF92A%3D%3D
Shell,Shell Assessed Internship Programme 2026 - Netherlands,Shell,"Rotterdam, South Holland, Netherlands",https://nl.linkedin.com/jobs/view/shell-assessed-internship-programme-2026-netherlands-at-shell-4314249435?position=47&pageNum=0&refId=bXGfaTeAX%2FZvTp2SyLjDug%3D%3D&trackingId=oP77oyUN66K7G%2BvTFfMggA%3D%3D
Shell,Shell Assessed Internship Programme 2026 - Netherlands,Shell,"Pernis, South Holland, Netherlands",https://nl.linkedin.com/jobs/view/shell-assessed-internship-programme-2026-netherlands-at-shell-4314264074?position=48&pageNum=0&refId=bXGfaTeAX%2FZvTp2SyLjDug%3D%3D&trackingId=PlEVX3FOPD3v6yAo094rPQ%3D%3D
Shell,Electrical Engineering Intern,C-Cube International,"Delft, South Holland, Netherlands",https://nl.linkedin.com/jobs/view/electrical-engineering-intern-at-c-cube-international-4376704284?position=49&pageNum=0&refId=bXGfaTeAX%2FZvTp2SyLjDug%3D%3D&trackingId=wdzqq1G0gYv8Ixvh4eUeBg%3D%3D
Shell,(General Hire) Machine Learning Engineer Intern (TikTok- Video Recommendation) - 2026 Summer (BS/MS),TikTok,"San Jose, CA",https://www.linkedin.com/jobs/view/general-hire-machine-learning-engineer-intern-tiktok-video-recommendation-2026-summer-bs-ms-at-tiktok-4344815482?position=50&pageNum=0&refId=bXGfaTeAX%2FZvTp2SyLjDug%3D%3D&trackingId=JfytfB%2FHovY832oyHvVtKg%3D%3D
Shell,ZAIN2120 - Database Administration Intern,Zain Jordan,"Amman, Jordan",https://jo.linkedin.com/jobs/view/zain2120-database-administration-intern-at-zain-jordan-4393567994?position=51&pageNum=0&refId=bXGfaTeAX%2FZvTp2SyLjDug%3D%3D&trackingId=D48PU5JjYHxZ%2F9WW31Kgug%3D%3D
Shell,Geoscience Intern,Shell,"Miri, Sarawak, Malaysia",https://my.linkedin.com/jobs/view/geoscience-intern-at-shell-4398105781?position=52&pageNum=0&refId=bXGfaTeAX%2FZvTp2SyLjDug%3D%3D&trackingId=J5y%2BhHMCF8y54OVDScbzzw%3D%3D
Shell,Mechanical Engineering Intern,C-Cube International,"Delft, South Holland, Netherlands",https://nl.linkedin.com/jobs/view/mechanical-engineering-intern-at-c-cube-international-4376709068?position=53&pageNum=0&refId=bXGfaTeAX%2FZvTp2SyLjDug%3D%3D&trackingId=RoNpxj2XLjTXqvf0VQZdwA%3D%3D
Shell,Quantitative Research Intern,WorldQuant,Singapore,https://sg.linkedin.com/jobs/view/quantitative-research-intern-at-worldquant-4285615925?position=54&pageNum=0&refId=bXGfaTeAX%2FZvTp2SyLjDug%3D%3D&trackingId=0Z2IrwhfUgtwUtjuA%2FYLgw%3D%3D
Shell,"DevOps Engineer Intern (Linux Docker, Kubernetes)",SkillFied Mentor,India,https://in.linkedin.com/jobs/view/devops-engineer-intern-linux-docker-kubernetes-at-skillfied-mentor-4393586336?position=55&pageNum=0&refId=bXGfaTeAX%2FZvTp2SyLjDug%3D%3D&trackingId=JxtrUgaLo0EgfSUeY%2BeMyQ%3D%3D
Shell,Data Analytics Intern,C-Cube International,"Delft, South Holland, Netherlands",https://nl.linkedin.com/jobs/view/data-analytics-intern-at-c-cube-international-4388973329?position=56&pageNum=0&refId=bXGfaTeAX%2FZvTp2SyLjDug%3D%3D&trackingId=5DKglq6N5tH%2BGzq2296Xug%3D%3D
Shell,Shell Assessed Internship Programme 2026 - Netherlands,Shell,"Moerdijk, North Brabant, Netherlands",https://nl.linkedin.com/jobs/view/shell-assessed-internship-programme-2026-netherlands-at-shell-4314250407?position=59&pageNum=0&refId=bXGfaTeAX%2FZvTp2SyLjDug%3D%3D&trackingId=yTGFLkbxNgZY5o83jhKFAQ%3D%3D
Shell,Data Engineering Intern - Summer 2026,Brown and Caldwell,Greater Syracuse-Auburn Area,https://www.linkedin.com/jobs/view/data-engineering-intern-summer-2026-at-brown-and-caldwell-4387996261?position=60&pageNum=0&refId=bXGfaTeAX%2FZvTp2SyLjDug%3D%3D&trackingId=3drR1MyOvfyFDJ8PaZWvug%3D%3D
Shell,Quantitative Research Intern,WorldQuant,"Singapore, Singapore",https://sg.linkedin.com/jobs/view/quantitative-research-intern-at-worldquant-4371229501?position=53&pageNum=0&refId=QCcdSy8umpnmRc7eAb74Jw%3D%3D&trackingId=qM%2B0cjeKh%2Bngw4Y%2BcvRmkA%3D%3D
Shell,Intern – Chemical & Process Engineering,Shell,"Bintulu, Sarawak, Malaysia",https://my.linkedin.com/jobs/view/intern-%E2%80%93-chemical-process-engineering-at-shell-4371379474?position=54&pageNum=0&refId=QCcdSy8umpnmRc7eAb74Jw%3D%3D&trackingId=nS2Gfvx5iosnUxeylWMwig%3D%3D
Shell,Solution Engineer Intern,Stonebranch,Atlanta Metropolitan Area,https://www.linkedin.com/jobs/view/solution-engineer-intern-at-stonebranch-4397576198?position=56&pageNum=0&refId=QCcdSy8umpnmRc7eAb74Jw%3D%3D&trackingId=ohtw81SMmwmlksaTnyW1nA%3D%3D
Shell,Internship in GenAI (m/f) 80-100%,AutoForm Group,"Zurich, Zurich, Switzerland",https://ch.linkedin.com/jobs/view/internship-in-genai-m-f-80-100%25-at-autoform-group-4383497734?position=57&pageNum=0&refId=QCcdSy8umpnmRc7eAb74Jw%3D%3D&trackingId=ZGQCAfDXo8U1CiLKp7BZgg%3D%3D
Shell,Qatar Shell Internship Experience 2026,Shell,"Ras Laffan, Al Khor and Al Thakhira, Qatar",https://qa.linkedin.com/jobs/view/qatar-shell-internship-experience-2026-at-shell-4380444764?position=58&pageNum=0&refId=QCcdSy8umpnmRc7eAb74Jw%3D%3D&trackingId=YOshnWQ1WMEBSKNAjSjEEQ%3D%3D
Shell,ZAIN1871 - Charging & Billing Intern,Zain Jordan,"Amman, Jordan",https://jo.linkedin.com/jobs/view/zain1871-charging-billing-intern-at-zain-jordan-4399227574?position=59&pageNum=0&refId=QCcdSy8umpnmRc7eAb74Jw%3D%3D&trackingId=jMaTPDbFByW5w5LfAxtqEQ%3D%3D
Shell,"Software Engineer, Tooling (Internship)",Woven by Toyota,"Ann Arbor, MI",https://www.linkedin.com/jobs/view/software-engineer-tooling-internship-at-woven-by-toyota-4352453009?position=60&pageNum=0&refId=QCcdSy8umpnmRc7eAb74Jw%3D%3D&trackingId=9UZNuBfJUHp8sh6bA7CEvw%3D%3D
BP,Data Science Intern,Lightsource bp,"London, England, United Kingdom",https://uk.linkedin.com/jobs/view/data-science-intern-at-lightsource-bp-4392862447?position=1&pageNum=0&refId=Ttpor%2FJlfkVfSQk6yyCdjw%3D%3D&trackingId=ek3nWp9OxzlJiJFEfOGbdg%3D%3D
BP,Marketing Analyst internship (12-month program),bp,"Accra, Greater Accra Region, Ghana",https://gh.linkedin.com/jobs/view/marketing-analyst-internship-12-month-program-at-bp-4399000317?position=2&pageNum=0&refId=Ttpor%2FJlfkVfSQk6yyCdjw%3D%3D&trackingId=Kt5x43hbJCE0TIuoLN%2BHFg%3D%3D
BP,Intern,Lightsource bp,"Denver, CO",https://www.linkedin.com/jobs/view/intern-at-lightsource-bp-4399634758?position=5&pageNum=0&refId=Ttpor%2FJlfkVfSQk6yyCdjw%3D%3D&trackingId=ErwStGP7XgzPHwBI9WWTJQ%3D%3D
BP,Commercial Engineering Intern,Lightsource bp,"Madrid, Community of Madrid, Spain",https://es.linkedin.com/jobs/view/commercial-engineering-intern-at-lightsource-bp-4390760400?position=6&pageNum=0&refId=Ttpor%2FJlfkVfSQk6yyCdjw%3D%3D&trackingId=CY1gdy7UMyXmVAcdB037LA%3D%3D
BP,Transformation Management Office (TMO) Intern,Lightsource bp,"London, England, United Kingdom",https://uk.linkedin.com/jobs/view/transformation-management-office-tmo-intern-at-lightsource-bp-4393405776?position=7&pageNum=0&refId=Ttpor%2FJlfkVfSQk6yyCdjw%3D%3D&trackingId=G9FFg3zEI34Lo1%2B8yQOHdQ%3D%3D
BP,HRBP Internship,Continental,"Petaling Jaya, Selangor, Malaysia",https://my.linkedin.com/jobs/view/hrbp-internship-at-continental-4394355711?position=8&pageNum=0&refId=Ttpor%2FJlfkVfSQk6yyCdjw%3D%3D&trackingId=ehuLPUBy9T6TQvonOOtNAQ%3D%3D
BP,Summer Internship - Commercial Programme - Australia 2027,bp,"Docklands, Victoria, Australia",https://au.linkedin.com/jobs/view/summer-internship-commercial-programme-australia-2027-at-bp-4385484215?position=9&pageNum=0&refId=Ttpor%2FJlfkVfSQk6yyCdjw%3D%3D&trackingId=REdW1pGn4J6Ia7Nn87Cwnw%3D%3D
BP,Indirect Procurement Intern,Lightsource bp,"Madrid, Community of Madrid, Spain",https://es.linkedin.com/jobs/view/indirect-procurement-intern-at-lightsource-bp-4399602358?position=10&pageNum=0&refId=Ttpor%2FJlfkVfSQk6yyCdjw%3D%3D&trackingId=0akFUTloNfWFgUd0bvJGgQ%3D%3D
BP,Internship - HR BP & Talent Acquisition (M/F),Banque Internationale à Luxembourg (BIL),"Luxembourg, Luxembourg, Luxembourg",https://lu.linkedin.com/jobs/view/internship-hr-bp-talent-acquisition-m-f-at-banque-internationale-%C3%A0-luxembourg-bil-4401704208?position=11&pageNum=0&refId=Ttpor%2FJlfkVfSQk6yyCdjw%3D%3D&trackingId=wEeaNdah2fhhPhqMFNdKFw%3D%3D
BP,Community Engagement Intern,Lightsource bp,"Madrid, Community of Madrid, Spain",https://es.linkedin.com/jobs/view/community-engagement-intern-at-lightsource-bp-4390753890?position=12&pageNum=0&refId=Ttpor%2FJlfkVfSQk6yyCdjw%3D%3D&trackingId=Q%2FKDmZiubhEEs3Ii%2BLHKeQ%3D%3D
BP,Commercial Analyst intern (m/f/d),Deezer,"Paris, Île-de-France, France",https://fr.linkedin.com/jobs/view/commercial-analyst-intern-m-f-d-at-deezer-4398482787?position=13&pageNum=0&refId=Ttpor%2FJlfkVfSQk6yyCdjw%3D%3D&trackingId=uGBQapKsTYFGHjmmGOlHPA%3D%3D
BP,"Summer Internship - Supply, Trading & Shipping Programme - Australia 2027",bp,"Docklands, Victoria, Australia",https://au.linkedin.com/jobs/view/summer-internship-supply-trading-shipping-programme-australia-2027-at-bp-4385486134?position=14&pageNum=0&refId=Ttpor%2FJlfkVfSQk6yyCdjw%3D%3D&trackingId=YgA%2Bp%2BivjzrGAbxyVZ38Jw%3D%3D
BP,HR Intern - HR BP & People Analytics (6 months fixed term),Vodafone,"Milan, Lombardy, Italy",https://it.linkedin.com/jobs/view/hr-intern-hr-bp-people-analytics-6-months-fixed-term-at-vodafone-4398467287?position=15&pageNum=0&refId=Ttpor%2FJlfkVfSQk6yyCdjw%3D%3D&trackingId=iHcZFIn6%2FPIMdFieOasGHw%3D%3D
BP,Global Quality Intern,Lightsource bp,"Denver, CO",https://www.linkedin.com/jobs/view/global-quality-intern-at-lightsource-bp-4395447570?position=16&pageNum=0&refId=Ttpor%2FJlfkVfSQk6yyCdjw%3D%3D&trackingId=%2FVUDF%2FfX8Pu47MBBJC3TVQ%3D%3D
BP,Data Engineer Intern (Data Platfrom TikTok BP) - 2026 Summer (BS/MS),TikTok,"San Jose, CA",https://www.linkedin.com/jobs/view/data-engineer-intern-data-platfrom-tiktok-bp-2026-summer-bs-ms-at-tiktok-4280000003?position=17&pageNum=0&refId=Ttpor%2FJlfkVfSQk6yyCdjw%3D%3D&trackingId=IgmbY9VZNHClDl%2BXyUgE%2BQ%3D%3D
BP,HR 6 Month Internship,The Citco Group Limited,Luxembourg,https://lu.linkedin.com/jobs/view/hr-6-month-internship-at-the-citco-group-limited-4378928415?position=18&pageNum=0&refId=Ttpor%2FJlfkVfSQk6yyCdjw%3D%3D&trackingId=Ujej%2BKkZoy2EXsjPoyvwsA%3D%3D
BP,Fall Engineering Internship,Mantel,"Cambridge, MA",https://www.linkedin.com/jobs/view/fall-engineering-internship-at-mantel-4395902216?position=21&pageNum=0&refId=Ttpor%2FJlfkVfSQk6yyCdjw%3D%3D&trackingId=n9nVWQF0vgSG26AMuwtIKg%3D%3D
BP,Financial BP Project Intern (TTLIVE) - 2026 Start (BS/MS),TikTok,"London, England, United Kingdom",https://uk.linkedin.com/jobs/view/financial-bp-project-intern-ttlive-2026-start-bs-ms-at-tiktok-4379669382?position=22&pageNum=0&refId=Ttpor%2FJlfkVfSQk6yyCdjw%3D%3D&trackingId=bQ8nE9Bhtv1sCKBuzXFxwA%3D%3D
BP,HR Global Mobility Internship,JERA Nex bp,"Leuven, Flemish Region, Belgium",https://be.linkedin.com/jobs/view/hr-global-mobility-internship-at-jera-nex-bp-4376574817?position=24&pageNum=0&refId=Ttpor%2FJlfkVfSQk6yyCdjw%3D%3D&trackingId=Yvs0pPDLe%2Fj9XOGRKX%2FxtA%3D%3D
BP,Vintage Fashion Operations and Costumer Service Internship - BOAS,BOAS | Save Fashion For Good,"Amsterdam, North Holland, Netherlands",https://nl.linkedin.com/jobs/view/vintage-fashion-operations-and-costumer-service-internship-boas-at-boas-save-fashion-for-good-4386685446?position=26&pageNum=0&refId=Ttpor%2FJlfkVfSQk6yyCdjw%3D%3D&trackingId=ryoT5aoOFlzbL%2FCUS7LrMQ%3D%3D
BP,Internship in Accounting and Finance 2025,ACCA Careers,"Ampang, Selangor, Malaysia",https://my.linkedin.com/jobs/view/internship-in-accounting-and-finance-2025-at-acca-careers-4387949374?position=27&pageNum=0&refId=Ttpor%2FJlfkVfSQk6yyCdjw%3D%3D&trackingId=SxXLzeygz5NfNJkVxbKJew%3D%3D
BP,Internship: Finance Intern,ACCA Careers,"Madrid, Community of Madrid, Spain",https://es.linkedin.com/jobs/view/internship-finance-intern-at-acca-careers-4396596116?position=28&pageNum=0&refId=Ttpor%2FJlfkVfSQk6yyCdjw%3D%3D&trackingId=T5jFQTGdhLCJK4kGrNGhFg%3D%3D
BP,Engineerig Admin Intern,Marriott International,"Rabat, Rabat-Salé-Kénitra, Morocco",https://ma.linkedin.com/jobs/view/engineerig-admin-intern-at-marriott-international-4401185100?position=29&pageNum=0&refId=Ttpor%2FJlfkVfSQk6yyCdjw%3D%3D&trackingId=lxouyBARnnn2yL9eh42I6w%3D%3D
BP,HV Engineering Intern,Lightsource bp,"Madrid, Community of Madrid, Spain",https://es.linkedin.com/jobs/view/hv-engineering-intern-at-lightsource-bp-4401875571?position=30&pageNum=0&refId=Ttpor%2FJlfkVfSQk6yyCdjw%3D%3D&trackingId=eQfCtAfNIoR%2FrWHWNQ9FIw%3D%3D
BP,Legal Intern,Plug and Play Tech Center,"Valencia, Valencian Community, Spain",https://es.linkedin.com/jobs/view/legal-intern-at-plug-and-play-tech-center-4401130176?position=32&pageNum=0&refId=Ttpor%2FJlfkVfSQk6yyCdjw%3D%3D&trackingId=A5yEolwLLaQIX3BtMnM4gw%3D%3D
BP,Finance Intern,ENGIE - International Supply & Energy Management,"Madrid, Community of Madrid, Spain",https://es.linkedin.com/jobs/view/finance-intern-at-engie-international-supply-energy-management-4390940454?position=33&pageNum=0&refId=Ttpor%2FJlfkVfSQk6yyCdjw%3D%3D&trackingId=6xYlX%2Bv26kw7ERjf53MmGg%3D%3D
BP,Internship: Finance Intern,Philips,"Madrid, Community of Madrid, Spain",https://es.linkedin.com/jobs/view/internship-finance-intern-at-philips-4392458007?position=35&pageNum=0&refId=Ttpor%2FJlfkVfSQk6yyCdjw%3D%3D&trackingId=Aqhlc1pvvSjA5C12vBo2oQ%3D%3D
BP,PV Mounting Structures Intern,Lightsource bp,"Madrid, Community of Madrid, Spain",https://es.linkedin.com/jobs/view/pv-mounting-structures-intern-at-lightsource-bp-4395964927?position=36&pageNum=0&refId=Ttpor%2FJlfkVfSQk6yyCdjw%3D%3D&trackingId=Aapu%2B5O6IVAwBcV7ZzFgHg%3D%3D
BP,Internship: Algorithmic trading strategies (hydropower),ENGIE Belgium,"Uccle, Brussels Region, Belgium",https://be.linkedin.com/jobs/view/internship-algorithmic-trading-strategies-hydropower-at-engie-belgium-4402974624?position=37&pageNum=0&refId=Ttpor%2FJlfkVfSQk6yyCdjw%3D%3D&trackingId=YPje3Xi2gkh%2BylqR0BcwIw%3D%3D
BP,Internship: Algorithmic trading strategies (hydropower),ENGIE Belgium,"Brussels, Brussels Region, Belgium",https://be.linkedin.com/jobs/view/internship-algorithmic-trading-strategies-hydropower-at-engie-belgium-4402983364?position=38&pageNum=0&refId=Ttpor%2FJlfkVfSQk6yyCdjw%3D%3D&trackingId=eE9uUnWK2xIVxr9ab6JQ6A%3D%3D
BP,Intern_ Energy Transition Analyst,ENGIE North America Inc.,"Houston, TX",https://www.linkedin.com/jobs/view/intern-energy-transition-analyst-at-engie-north-america-inc-4399831177?position=40&pageNum=0&refId=Ttpor%2FJlfkVfSQk6yyCdjw%3D%3D&trackingId=si40xL9W1W3Mhh5uu51DAg%3D%3D
BP,Internship: Graphic Design,ENGIE Belgium,"Brussels, Brussels Region, Belgium",https://be.linkedin.com/jobs/view/internship-graphic-design-at-engie-belgium-4402927264?position=41&pageNum=0&refId=Ttpor%2FJlfkVfSQk6yyCdjw%3D%3D&trackingId=RGHx7eNmEQP31RFzpak9Bw%3D%3D
BP,Medical Assistant Intern: Front Office - 5163,Community Health Resources,"Willimantic, CT",https://www.linkedin.com/jobs/view/medical-assistant-intern-front-office-5163-at-community-health-resources-3913321894?position=42&pageNum=0&refId=Ttpor%2FJlfkVfSQk6yyCdjw%3D%3D&trackingId=b3nDRHGGwS%2BlIarx9iSJNg%3D%3D
BP,Internship: Graphic Design,ENGIE Belgium,"Uccle, Brussels Region, Belgium",https://be.linkedin.com/jobs/view/internship-graphic-design-at-engie-belgium-4402926305?position=43&pageNum=0&refId=Ttpor%2FJlfkVfSQk6yyCdjw%3D%3D&trackingId=YacWAKXDJVR4vfeM9iQ8MQ%3D%3D
BP,Future Club Venezuela 2026 - Sales Internship,IBM,"Caracas, Federal District, Venezuela",https://ve.linkedin.com/jobs/view/future-club-venezuela-2026-sales-internship-at-ibm-4386644570?position=45&pageNum=0&refId=Ttpor%2FJlfkVfSQk6yyCdjw%3D%3D&trackingId=IUPRHPS1GG3d405zAtMVpg%3D%3D
BP,"Data Warehouse Engineer Intern (Data Platform, TikTok Live) - 2026 Start (BS/MS)",TikTok,"Singapore, Singapore",https://sg.linkedin.com/jobs/view/data-warehouse-engineer-intern-data-platform-tiktok-live-2026-start-bs-ms-at-tiktok-4273230241?position=46&pageNum=0&refId=Ttpor%2FJlfkVfSQk6yyCdjw%3D%3D&trackingId=vjHEyHVget%2Bxosmcv1eosw%3D%3D
BP,Customer Success Business partner intern,DiDi,"Bogota, D.C., Capital District, Colombia",https://co.linkedin.com/jobs/view/customer-success-business-partner-intern-at-didi-4402075307?position=49&pageNum=0&refId=Ttpor%2FJlfkVfSQk6yyCdjw%3D%3D&trackingId=gbt5hQ%2BhAP2CPe4P8FTtKQ%3D%3D
BP,Research Intern - Quantum Error Correction,Microsoft,"Redmond, WA",https://www.linkedin.com/jobs/view/research-intern-quantum-error-correction-at-microsoft-4345260487?position=50&pageNum=0&refId=Ttpor%2FJlfkVfSQk6yyCdjw%3D%3D&trackingId=BeYBvuzVUWQA%2B21l%2ByV7og%3D%3D
BP,Intern_ Cash Application Analyst,ENGIE North America Inc.,"Houston, TX",https://www.linkedin.com/jobs/view/intern-cash-application-analyst-at-engie-north-america-inc-4384596243?position=51&pageNum=0&refId=Ttpor%2FJlfkVfSQk6yyCdjw%3D%3D&trackingId=E4RcRBurQ0Ic%2B0TtS8jRmw%3D%3D
BP,Granular Mechanics and Regolith Operations Internship,Astrion,"Orlando, FL",https://www.linkedin.com/jobs/view/granular-mechanics-and-regolith-operations-internship-at-astrion-4396361279?position=53&pageNum=0&refId=Ttpor%2FJlfkVfSQk6yyCdjw%3D%3D&trackingId=ZUFgOTbhGRRux7WYF6xBvA%3D%3D
BP,Intern_Financial Planning and Analysis Specialist,ENGIE North America Inc.,"Houston, TX",https://www.linkedin.com/jobs/view/intern-financial-planning-and-analysis-specialist-at-engie-north-america-inc-4394988104?position=55&pageNum=0&refId=Ttpor%2FJlfkVfSQk6yyCdjw%3D%3D&trackingId=I9Vbppk9XbSJXW%2FMNPYXqw%3D%3D
BP,Intern_PTIN5C,ENGIE North America Inc.,"Houston, TX",https://www.linkedin.com/jobs/view/intern-ptin5c-at-engie-north-america-inc-4397318467?position=57&pageNum=0&refId=Ttpor%2FJlfkVfSQk6yyCdjw%3D%3D&trackingId=De0mC0hXokTz%2BOAb5yQAQQ%3D%3D
Rio Tinto,Intern Program 2026/2027 - Environment - Western Australia,Rio Tinto,"Perth, Western Australia, Australia",https://au.linkedin.com/jobs/view/intern-program-2026-2027-environment-western-australia-at-rio-tinto-4389889800?position=1&pageNum=0&refId=gBzLheCxs9mS0QONVbbAMw%3D%3D&trackingId=tvCaoXIL0YJ9WoPjF6oHTA%3D%3D
Rio Tinto,Intern Program 2026/2027 - Mining Engineer - Western Australia,Rio Tinto,"Perth, Western Australia, Australia",https://au.linkedin.com/jobs/view/intern-program-2026-2027-mining-engineer-western-australia-at-rio-tinto-4402042814?position=2&pageNum=0&refId=gBzLheCxs9mS0QONVbbAMw%3D%3D&trackingId=UBjPr62%2FjaN995J4uCmNRQ%3D%3D
Rio Tinto,Intern Program 2026/2027 - Process Engineer - Western Australia,Rio Tinto,"Perth, Western Australia, Australia",https://au.linkedin.com/jobs/view/intern-program-2026-2027-process-engineer-western-australia-at-rio-tinto-4402056319?position=3&pageNum=0&refId=gBzLheCxs9mS0QONVbbAMw%3D%3D&trackingId=LXHHBEAvxZKBMNkeYtzURg%3D%3D
Rio Tinto,"Intern Program 2026/2027 - Process Engineer - Gladstone, QLD",Rio Tinto,"Gladstone, Queensland, Australia",https://au.linkedin.com/jobs/view/intern-program-2026-2027-process-engineer-gladstone-qld-at-rio-tinto-4379174224?position=4&pageNum=0&refId=gBzLheCxs9mS0QONVbbAMw%3D%3D&trackingId=WCITOe6Jg4kDE4ukYzE2bw%3D%3D
Rio Tinto,Intern Program 2026/2027 - Pacific Operations,Rio Tinto,"Brisbane, Queensland, Australia",https://au.linkedin.com/jobs/view/intern-program-2026-2027-pacific-operations-at-rio-tinto-4402052444?position=5&pageNum=0&refId=gBzLheCxs9mS0QONVbbAMw%3D%3D&trackingId=7Sjz2PJa3790ZNaR9wuAEQ%3D%3D
Rio Tinto,"Intern Program 2026/2027 - Mechanical Engineer - Gladstone, QLD",Rio Tinto,"Gladstone, Queensland, Australia",https://au.linkedin.com/jobs/view/intern-program-2026-2027-mechanical-engineer-gladstone-qld-at-rio-tinto-4379171627?position=6&pageNum=0&refId=gBzLheCxs9mS0QONVbbAMw%3D%3D&trackingId=VpGz76Hi2Pgw4Ku92Shvfg%3D%3D
Rio Tinto,"Intern Program 2026/2027 - Power Supply - Gladstone, QLD",Rio Tinto,"Gladstone, Queensland, Australia",https://au.linkedin.com/jobs/view/intern-program-2026-2027-power-supply-gladstone-qld-at-rio-tinto-4379197694?position=7&pageNum=0&refId=gBzLheCxs9mS0QONVbbAMw%3D%3D&trackingId=l0NTUcu0aPEguoF6koxC1Q%3D%3D
Rio Tinto,"Intern Program 2026/2027 - Process Engineer - Tiwai Point, New Zealand",Rio Tinto,"Invercargill, Southland, New Zealand",https://nz.linkedin.com/jobs/view/intern-program-2026-2027-process-engineer-tiwai-point-new-zealand-at-rio-tinto-4379171629?position=8&pageNum=0&refId=gBzLheCxs9mS0QONVbbAMw%3D%3D&trackingId=3PjWjdQ7VIO3JF%2FL79Vz5w%3D%3D
Rio Tinto,Intern Program 2026/2027 - Mechanical Engineer - Western Australia,Rio Tinto,"Perth, Western Australia, Australia",https://au.linkedin.com/jobs/view/intern-program-2026-2027-mechanical-engineer-western-australia-at-rio-tinto-4402043829?position=9&pageNum=0&refId=gBzLheCxs9mS0QONVbbAMw%3D%3D&trackingId=bcilI0gDq334fooxBFlpYg%3D%3D
Rio Tinto,"Intern Program 2026/2027 - Mining Engineer - Weipa, QLD",Rio Tinto,"Weipa, Queensland, Australia",https://au.linkedin.com/jobs/view/intern-program-2026-2027-mining-engineer-weipa-qld-at-rio-tinto-4379171628?position=10&pageNum=0&refId=gBzLheCxs9mS0QONVbbAMw%3D%3D&trackingId=7BXv4gOUQjDhleErc6jy7Q%3D%3D
Rio Tinto,"Intern Program 2026/2027 - Process Engineer - Weipa, QLD",Rio Tinto,"Weipa, Queensland, Australia",https://au.linkedin.com/jobs/view/intern-program-2026-2027-process-engineer-weipa-qld-at-rio-tinto-4379175217?position=11&pageNum=0&refId=gBzLheCxs9mS0QONVbbAMw%3D%3D&trackingId=xSoIKzz5BLwoBLd%2FigT8BQ%3D%3D
Rio Tinto,Intern Program 2026/2027 - Electrical and Control Systems Engineer - Western Australia,Rio Tinto,"Perth, Western Australia, Australia",https://au.linkedin.com/jobs/view/intern-program-2026-2027-electrical-and-control-systems-engineer-western-australia-at-rio-tinto-4402043831?position=12&pageNum=0&refId=gBzLheCxs9mS0QONVbbAMw%3D%3D&trackingId=PGrIDlcuqMjc6BqMHB7xxw%3D%3D
Rio Tinto,"Intern Program 2026/2027 - Electrical Engineer - Weipa, QLD",Rio Tinto,"Weipa, Queensland, Australia",https://au.linkedin.com/jobs/view/intern-program-2026-2027-electrical-engineer-weipa-qld-at-rio-tinto-4379411239?position=13&pageNum=0&refId=gBzLheCxs9mS0QONVbbAMw%3D%3D&trackingId=bm1ISGfF33%2FFE0xHv%2BvpdQ%3D%3D
Rio Tinto,Intern Program 2026/2027 - Geoscience (Exploration) - Brisbane,Rio Tinto,"Brisbane, Queensland, Australia",https://au.linkedin.com/jobs/view/intern-program-2026-2027-geoscience-exploration-brisbane-at-rio-tinto-4402040955?position=14&pageNum=0&refId=gBzLheCxs9mS0QONVbbAMw%3D%3D&trackingId=iHgjLBgddQBA%2Bxo7Pf7SSw%3D%3D
Rio Tinto,Intern Program 2026/2027 - Human Resources - Australia,Rio Tinto,"Perth, Western Australia, Australia",https://au.linkedin.com/jobs/view/intern-program-2026-2027-human-resources-australia-at-rio-tinto-4402053380?position=15&pageNum=0&refId=gBzLheCxs9mS0QONVbbAMw%3D%3D&trackingId=qvXzDsinMIhUeLv%2Fu7S3wg%3D%3D
Rio Tinto,Intern Program 2026/2027 - Geoscience - Western Australia,Rio Tinto,"Perth, Western Australia, Australia",https://au.linkedin.com/jobs/view/intern-program-2026-2027-geoscience-western-australia-at-rio-tinto-4402061141?position=16&pageNum=0&refId=gBzLheCxs9mS0QONVbbAMw%3D%3D&trackingId=GFxAzJaE18WIcHBtzdSY7w%3D%3D
Rio Tinto,"Intern Program 2026/2027 - Electrical Engineer - Gladstone, QLD",Rio Tinto,"Gladstone, Queensland, Australia",https://au.linkedin.com/jobs/view/intern-program-2026-2027-electrical-engineer-gladstone-qld-at-rio-tinto-4402056317?position=17&pageNum=0&refId=gBzLheCxs9mS0QONVbbAMw%3D%3D&trackingId=QKsipg4AfOBl8BJjBTRqTg%3D%3D
Rio Tinto,Intern Program 2026/2027 - Geoscience (Exploration) - Perth,Rio Tinto,"Perth, Western Australia, Australia",https://au.linkedin.com/jobs/view/intern-program-2026-2027-geoscience-exploration-perth-at-rio-tinto-4402055367?position=18&pageNum=0&refId=gBzLheCxs9mS0QONVbbAMw%3D%3D&trackingId=y43En21VevEFkLvn9FefAA%3D%3D
Rio Tinto,"Intern Program 2026/2027 - Power Supply - Bell Bay, TAS",Rio Tinto,"Bell Bay, Tasmania, Australia",https://au.linkedin.com/jobs/view/intern-program-2026-2027-power-supply-bell-bay-tas-at-rio-tinto-4379418062?position=19&pageNum=0&refId=gBzLheCxs9mS0QONVbbAMw%3D%3D&trackingId=7bEe7Xwoi%2F5h9w3VaBVb4w%3D%3D
Rio Tinto,"Intern Program 2026/2027 - Electrical Engineer - Gove, NT",Rio Tinto,"Nhulunbuy, Northern Territory, Australia",https://au.linkedin.com/jobs/view/intern-program-2026-2027-electrical-engineer-gove-nt-at-rio-tinto-4379170591?position=20&pageNum=0&refId=gBzLheCxs9mS0QONVbbAMw%3D%3D&trackingId=lAcjg%2BjkYSWIg0v5oV%2Fo1g%3D%3D
Rio Tinto,"Intern Program 2026/2027 - Mechanical Engineer - Weipa, QLD",Rio Tinto,"Weipa, Queensland, Australia",https://au.linkedin.com/jobs/view/intern-program-2026-2027-mechanical-engineer-weipa-qld-at-rio-tinto-4379174223?position=21&pageNum=0&refId=gBzLheCxs9mS0QONVbbAMw%3D%3D&trackingId=J9Jov4DBfqxRmcjQQ%2FcJAQ%3D%3D
Rio Tinto,"Intern Program 2026/2027 - Process Engineer - Bell Bay, TAS",Bell Bay Aluminium,"Bell Bay, Tasmania, Australia",https://au.linkedin.com/jobs/view/intern-program-2026-2027-process-engineer-bell-bay-tas-at-bell-bay-aluminium-4379975953?position=22&pageNum=0&refId=gBzLheCxs9mS0QONVbbAMw%3D%3D&trackingId=qzFEhhPIMi14hsrdEWbpbA%3D%3D
Rio Tinto,"Intern Program 2026/2027 - Power Supply - Tiwai Point, New Zealand",Rio Tinto,"Invercargill, Southland, New Zealand",https://nz.linkedin.com/jobs/view/intern-program-2026-2027-power-supply-tiwai-point-new-zealand-at-rio-tinto-4381021479?position=23&pageNum=0&refId=gBzLheCxs9mS0QONVbbAMw%3D%3D&trackingId=5gArSztZuB5Qq71wLAmgCw%3D%3D
Rio Tinto,Intern Program 2026/2027 - Hydrology and Hydrogeology - Western Australia,Rio Tinto,"Perth, Western Australia, Australia",https://au.linkedin.com/jobs/view/intern-program-2026-2027-hydrology-and-hydrogeology-western-australia-at-rio-tinto-4390100486?position=24&pageNum=0&refId=gBzLheCxs9mS0QONVbbAMw%3D%3D&trackingId=g%2B0lcrjdyGsTIg%2BrTwLyIg%3D%3D
Rio Tinto,"Intern Program 2026/2027 - Mechanical Engineer - Bell Bay, TAS",Bell Bay Aluminium,"Bell Bay, Tasmania, Australia",https://au.linkedin.com/jobs/view/intern-program-2026-2027-mechanical-engineer-bell-bay-tas-at-bell-bay-aluminium-4380136968?position=25&pageNum=0&refId=gBzLheCxs9mS0QONVbbAMw%3D%3D&trackingId=oSOMQfbK2oxNhHmiEbiu2w%3D%3D
Rio Tinto,"Intern Program 2026/2027 - Power Supply - Bell Bay, TAS",Bell Bay Aluminium,"Bell Bay, Tasmania, Australia",https://au.linkedin.com/jobs/view/intern-program-2026-2027-power-supply-bell-bay-tas-at-bell-bay-aluminium-4380195973?position=26&pageNum=0&refId=gBzLheCxs9mS0QONVbbAMw%3D%3D&trackingId=9U%2FW%2BLHmgWUp%2Frzydv8ptw%3D%3D
Rio Tinto,"Intern Program 2026/2027 - Electrical Engineer - Tiwai Point, New Zealand",Rio Tinto,"Invercargill, Southland, New Zealand",https://nz.linkedin.com/jobs/view/intern-program-2026-2027-electrical-engineer-tiwai-point-new-zealand-at-rio-tinto-4379414144?position=27&pageNum=0&refId=gBzLheCxs9mS0QONVbbAMw%3D%3D&trackingId=048TFFtdwnZ6FqB26vg9yw%3D%3D
Rio Tinto,Intern Program 2026/2027 - Geotechnical Engineer - Western Australia,Rio Tinto,"Perth, Western Australia, Australia",https://au.linkedin.com/jobs/view/intern-program-2026-2027-geotechnical-engineer-western-australia-at-rio-tinto-4402047672?position=28&pageNum=0&refId=gBzLheCxs9mS0QONVbbAMw%3D%3D&trackingId=TxZ0%2BUowoULCNDuqKnJrEQ%3D%3D
Rio Tinto,"Intern Program 2026/2027 - Process Engineer - Bell Bay, TAS",Rio Tinto,"Bell Bay, Tasmania, Australia",https://au.linkedin.com/jobs/view/intern-program-2026-2027-process-engineer-bell-bay-tas-at-rio-tinto-4379172446?position=29&pageNum=0&refId=gBzLheCxs9mS0QONVbbAMw%3D%3D&trackingId=2Wg3lJtLpss2XKAJmEoZdQ%3D%3D
Rio Tinto,"Intern Program 2026/2027 - Mechanical Engineer - Tiwai Point, New Zealand",Rio Tinto,"Invercargill, Southland, New Zealand",https://nz.linkedin.com/jobs/view/intern-program-2026-2027-mechanical-engineer-tiwai-point-new-zealand-at-rio-tinto-4379167612?position=30&pageNum=0&refId=gBzLheCxs9mS0QONVbbAMw%3D%3D&trackingId=0wuuygIEd95mlaloqhN2QQ%3D%3D
Rio Tinto,"Intern Program 2026/2027 - Mechanical Engineer - Bell Bay, TAS",Rio Tinto,"Bell Bay, Tasmania, Australia",https://au.linkedin.com/jobs/view/intern-program-2026-2027-mechanical-engineer-bell-bay-tas-at-rio-tinto-4402040952?position=31&pageNum=0&refId=gBzLheCxs9mS0QONVbbAMw%3D%3D&trackingId=H6yBaxrLXHocuMXuvTxy8A%3D%3D
Rio Tinto,"Intern Program 2026/2027 - Electrical Engineer - Bell Bay, TAS",Bell Bay Aluminium,"Bell Bay, Tasmania, Australia",https://au.linkedin.com/jobs/view/intern-program-2026-2027-electrical-engineer-bell-bay-tas-at-bell-bay-aluminium-4380143143?position=32&pageNum=0&refId=gBzLheCxs9mS0QONVbbAMw%3D%3D&trackingId=H5BJ01XvwX7zs2RpqLQTMw%3D%3D
Rio Tinto,Intern Program 2026/2027 - Mechanical Engineer - Gove NT,Rio Tinto,"Nhulunbuy, Northern Territory, Australia",https://au.linkedin.com/jobs/view/intern-program-2026-2027-mechanical-engineer-gove-nt-at-rio-tinto-4402056318?position=33&pageNum=0&refId=gBzLheCxs9mS0QONVbbAMw%3D%3D&trackingId=qYyOWfIXOspuLyHPTG4zFQ%3D%3D
Rio Tinto,"Intern Program 2026/2027 - Electrical Engineer - Bell Bay, TAS",Rio Tinto,"Bell Bay, Tasmania, Australia",https://au.linkedin.com/jobs/view/intern-program-2026-2027-electrical-engineer-bell-bay-tas-at-rio-tinto-4402044872?position=34&pageNum=0&refId=gBzLheCxs9mS0QONVbbAMw%3D%3D&trackingId=X2%2FL69eqpSCvXjXPL8%2Bk7w%3D%3D
Glencore,Venture Capital Intern,Healthcare Shares,United States,https://www.linkedin.com/jobs/view/venture-capital-intern-at-healthcare-shares-4400422618?position=13&pageNum=0&refId=ZKi0FaxKO%2B5rSgHBMlVevg%3D%3D&trackingId=MOt55xm6i3V%2BD7niMii4dw%3D%3D
Glencore,Games Assistant Intern,Alea,"Barcelona, Catalonia, Spain",https://es.linkedin.com/jobs/view/games-assistant-intern-at-alea-4402144245?position=28&pageNum=0&refId=ZKi0FaxKO%2B5rSgHBMlVevg%3D%3D&trackingId=bb5R4xp9EziggH1869WLUw%3D%3D
Glencore,Sustainability Data Intern,KARL LAGERFELD,"Amsterdam, North Holland, Netherlands",https://nl.linkedin.com/jobs/view/sustainability-data-intern-at-karl-lagerfeld-4402139140?position=29&pageNum=0&refId=ZKi0FaxKO%2B5rSgHBMlVevg%3D%3D&trackingId=Mr%2FWhG70a2I9V9Cpvqo1WA%3D%3D
Glencore,（International students）SNSコンテンツクリエイター,Bossjob,"Minato, Tokyo, Japan",https://jp.linkedin.com/jobs/view/%EF%BC%88international-students%EF%BC%89sns%E3%82%B3%E3%83%B3%E3%83%86%E3%83%B3%E3%83%84%E3%82%AF%E3%83%AA%E3%82%A8%E3%82%A4%E3%82%BF%E3%83%BC-at-bossjob-4402137289?position=51&pageNum=0&refId=ZKi0FaxKO%2B5rSgHBMlVevg%3D%3D&trackingId=Qy6VAloMw%2BLCmxMqItYApA%3D%3D
RELX,Data Analyst internship,RELX,"Paris, Île-de-France, France",https://fr.linkedin.com/jobs/view/data-analyst-internship-at-relx-4387313911?position=1&pageNum=0&refId=TnwB8mZzsBr18uq36SBqUQ%3D%3D&trackingId=uSGdvTct1QzRdyicG3ppSw%3D%3D
RELX,Data Analyst internship,ICIS,"Paris, Île-de-France, France",https://fr.linkedin.com/jobs/view/data-analyst-internship-at-icis-4395970464?position=2&pageNum=0&refId=TnwB8mZzsBr18uq36SBqUQ%3D%3D&trackingId=MInFaSUt4i%2BWA8vWaPxgOw%3D%3D
Sage,EMEA Payroll Project Intern (HR Operations) - 2026 Start (BS/MS),TikTok,"London, England, United Kingdom",https://uk.linkedin.com/jobs/view/emea-payroll-project-intern-hr-operations-2026-start-bs-ms-at-tiktok-4376078656?position=1&pageNum=0&refId=kSm9z4KzUuUZB94W%2BbaGAg%3D%3D&trackingId=alnvED2WtRzzBIXU4irwxg%3D%3D
Sage,Cash Application Specialist Internship,Springbrook Software,United States,https://www.linkedin.com/jobs/view/cash-application-specialist-internship-at-springbrook-software-4402238905?position=2&pageNum=0&refId=kSm9z4KzUuUZB94W%2BbaGAg%3D%3D&trackingId=4zHmthhAaEqfhboFsOYaog%3D%3D
Sage,Summer Accounting Internship,Sage Hospitality Group,"Denver, CO",https://www.linkedin.com/jobs/view/summer-accounting-internship-at-sage-hospitality-group-4392483969?position=6&pageNum=0&refId=kSm9z4KzUuUZB94W%2BbaGAg%3D%3D&trackingId=NJNLFgPXxzoOJTa45sKibQ%3D%3D
Sage,Junior Accountant Intern,Nexus Energy Inc.,"Toronto, Ontario, Canada",https://ca.linkedin.com/jobs/view/junior-accountant-intern-at-nexus-energy-inc-4399554721?position=7&pageNum=0&refId=kSm9z4KzUuUZB94W%2BbaGAg%3D%3D&trackingId=XnwJWp%2BDffPk5cdUiY9NuQ%3D%3D
Sage,Accounting Intern,Invision HR,"Paarl, Western Cape, South Africa",https://za.linkedin.com/jobs/view/accounting-intern-at-invision-hr-4401306507?position=8&pageNum=0&refId=kSm9z4KzUuUZB94W%2BbaGAg%3D%3D&trackingId=MVoK%2FTJpt%2BOLEKOtKZCZag%3D%3D
Sage,Internship - Marketplace Account Assistant,Sport Zone,"Maia, Ialomiţa, Romania",https://ro.linkedin.com/jobs/view/internship-marketplace-account-assistant-at-sport-zone-4375688103?position=9&pageNum=0&refId=kSm9z4KzUuUZB94W%2BbaGAg%3D%3D&trackingId=1RtfzH%2Fua9UCgdlfw5888Q%3D%3D
Sage,EMEA Payroll Project Intern (HR Operations - EMEA) - 2026 Start (BS/MS),TikTok,"Dubai, Dubai, United Arab Emirates",https://ae.linkedin.com/jobs/view/emea-payroll-project-intern-hr-operations-emea-2026-start-bs-ms-at-tiktok-4381898819?position=11&pageNum=0&refId=kSm9z4KzUuUZB94W%2BbaGAg%3D%3D&trackingId=bfHiR0ipCK5ygTEgBNVucg%3D%3D
Sage,Account Assistant - Intern / Trainee,IndexOne Technologies Limited,"Battaramulla, Western Province, Sri Lanka",https://lk.linkedin.com/jobs/view/account-assistant-intern-trainee-at-indexone-technologies-limited-4298739474?position=13&pageNum=0&refId=kSm9z4KzUuUZB94W%2BbaGAg%3D%3D&trackingId=Mdaf7qKi%2FxGFrjKZFBpGzw%3D%3D
Sage,Engineering Intern,Otelier,"Gujarat, India",https://in.linkedin.com/jobs/view/engineering-intern-at-otelier-4321117933?position=15&pageNum=0&refId=kSm9z4KzUuUZB94W%2BbaGAg%3D%3D&trackingId=uwMn9jWz850D5SUbUOPRqQ%3D%3D
Sage,2026 Launch Program: HR Intern,Red Ventures,"Charlotte, NC",https://www.linkedin.com/jobs/view/2026-launch-program-hr-intern-at-red-ventures-4369649430?position=16&pageNum=0&refId=kSm9z4KzUuUZB94W%2BbaGAg%3D%3D&trackingId=MDjwggoqzmKRkE1BwbdzyQ%3D%3D
Sage,Internship Programs,"Upstate Door, Inc.","Warsaw, NY",https://www.linkedin.com/jobs/view/internship-programs-at-upstate-door-inc-4354341775?position=17&pageNum=0&refId=kSm9z4KzUuUZB94W%2BbaGAg%3D%3D&trackingId=2lu8bm0GFyzXJtSY%2FwI%2FnA%3D%3D
Sage,Rooms Leader in Training (Internship) - Sage Lodge,Columbia Hospitality,"Pray, MT",https://www.linkedin.com/jobs/view/rooms-leader-in-training-internship-sage-lodge-at-columbia-hospitality-4369190428?position=19&pageNum=0&refId=kSm9z4KzUuUZB94W%2BbaGAg%3D%3D&trackingId=NtuuFnqAbpzyoiZvZ3wODA%3D%3D
Sage,Finance Internship,Spherix Global Insights,"Exton, PA",https://www.linkedin.com/jobs/view/finance-internship-at-spherix-global-insights-4397798805?position=21&pageNum=0&refId=kSm9z4KzUuUZB94W%2BbaGAg%3D%3D&trackingId=oCqLnckyp3Meo4K6XJaIgw%3D%3D
Sage,Financial Analyst Internship,Easterseals of Southeastern Pennsylvania,"Nashville, TN",https://www.linkedin.com/jobs/view/financial-analyst-internship-at-easterseals-of-southeastern-pennsylvania-4402664328?position=22&pageNum=0&refId=kSm9z4KzUuUZB94W%2BbaGAg%3D%3D&trackingId=E2LwcYJPEmi56uAtWEI5Rg%3D%3D
Sage,2026 bhm Tax Department Internship,bhm cpa group,"Columbus, OH",https://www.linkedin.com/jobs/view/2026-bhm-tax-department-internship-at-bhm-cpa-group-4337214417?position=23&pageNum=0&refId=kSm9z4KzUuUZB94W%2BbaGAg%3D%3D&trackingId=seGfUkco%2F1HFQyYffPgXrQ%3D%3D
Sage,Finance Intern,Bio-Techne,"Minneapolis, MN",https://www.linkedin.com/jobs/view/finance-intern-at-bio-techne-4368352003?position=24&pageNum=0&refId=kSm9z4KzUuUZB94W%2BbaGAg%3D%3D&trackingId=D0aTaXpncHhGL%2B597BoAvw%3D%3D
Sage,2026 LAUNCH Program: AI Intern - People Operations,Red Ventures,"Charlotte, NC",https://www.linkedin.com/jobs/view/2026-launch-program-ai-intern-people-operations-at-red-ventures-4385804331?position=26&pageNum=0&refId=kSm9z4KzUuUZB94W%2BbaGAg%3D%3D&trackingId=OlH5yi%2FOoFTJAD%2BOT8e97w%3D%3D
Sage,Paid Intern,Sage Parts,"Fountain Inn, SC",https://www.linkedin.com/jobs/view/paid-intern-at-sage-parts-4364622821?position=27&pageNum=0&refId=kSm9z4KzUuUZB94W%2BbaGAg%3D%3D&trackingId=FJTvxDeUXATYN5Qi8pcwKw%3D%3D
Sage,Food and Beverage Leader in Training (Internship) - Sage Lodge,Columbia Hospitality,"Pray, MT",https://www.linkedin.com/jobs/view/food-and-beverage-leader-in-training-internship-sage-lodge-at-columbia-hospitality-4369805001?position=46&pageNum=0&refId=kSm9z4KzUuUZB94W%2BbaGAg%3D%3D&trackingId=HQ1C8fAvwGneCZbJq8ZSXQ%3D%3D
Sage,Finance & Accounting Internship - Summer 2026,YKIRA FINANCIAL SERVICES,"Atlanta, GA",https://www.linkedin.com/jobs/view/finance-accounting-internship-summer-2026-at-ykira-financial-services-4402979063?position=49&pageNum=0&refId=kSm9z4KzUuUZB94W%2BbaGAg%3D%3D&trackingId=GJAvtG046qHagGesHHOg4w%3D%3D
Sage,Accounting Intern - Summer 2026,Unrivaled Sports,United States,https://www.linkedin.com/jobs/view/accounting-intern-summer-2026-at-unrivaled-sports-4391208099?position=51&pageNum=0&refId=kSm9z4KzUuUZB94W%2BbaGAg%3D%3D&trackingId=EUvQOgDYvdvi1svVgwJ1Qw%3D%3D
Sage,Global Procurement & Equipment Logistics Analytics Intern,Event Source,"Cleveland, OH",https://www.linkedin.com/jobs/view/global-procurement-equipment-logistics-analytics-intern-at-event-source-4383091859?position=53&pageNum=0&refId=kSm9z4KzUuUZB94W%2BbaGAg%3D%3D&trackingId=igXEQoK%2BtBE6%2BNGEBy2pTg%3D%3D
Sage,"Summer 2027 Client Accounting & Advisory Services (CAAS) Internship (Dalton, GA)",Nichols Cauley,"Dalton, GA",https://www.linkedin.com/jobs/view/summer-2027-client-accounting-advisory-services-caas-internship-dalton-ga-at-nichols-cauley-4372906307?position=60&pageNum=0&refId=kSm9z4KzUuUZB94W%2BbaGAg%3D%3D&trackingId=sJd6jCeLZZ4C6jNxFc5FCQ%3D%3D
Experian,"Front End Developer Intern (HTML, CSS, JavaScript, React)",ArGo Intern,India,https://in.linkedin.com/jobs/view/front-end-developer-intern-html-css-javascript-react-at-argo-intern-4402123952?position=46&pageNum=0&refId=EQaa2AAbuwLH1dpXKkWClA%3D%3D&trackingId=8csDSXh7%2Bxsdv1Vj%2Fde8MQ%3D%3D
London Stock Exchange Group,Capital Markets and Trading Intern,Pipraiser,"Bengaluru, Karnataka, India",https://in.linkedin.com/jobs/view/capital-markets-and-trading-intern-at-pipraiser-4402151345?position=24&pageNum=0&refId=qIGQe42XZW0kJ%2BuG3R3Obw%3D%3D&trackingId=qcMpMsOIaJQTHpEpz%2FOdxw%3D%3D
AstraZeneca,Internship - Medical Intern (6 months),AstraZeneca,"Taiwan Province, China",https://cn.linkedin.com/jobs/view/internship-medical-intern-6-months-at-astrazeneca-4390034354?position=1&pageNum=0&refId=UlS9j8ElARAz%2F33OOLb0Ow%3D%3D&trackingId=Kn1C9nNc245v%2BHSwf5VYDQ%3D%3D
AstraZeneca,Clinical Research Intern (Oncology),AstraZeneca,"Şişli, Istanbul, Türkiye",https://tr.linkedin.com/jobs/view/clinical-research-intern-oncology-at-astrazeneca-4393460862?position=2&pageNum=0&refId=UlS9j8ElARAz%2F33OOLb0Ow%3D%3D&trackingId=woSFO3segnjy14Iui8Rlsw%3D%3D
AstraZeneca,Internship - Government Affairs Intern (1 year),AstraZeneca,"Taiwan Province, China",https://cn.linkedin.com/jobs/view/internship-government-affairs-intern-1-year-at-astrazeneca-4390742363?position=3&pageNum=0&refId=UlS9j8ElARAz%2F33OOLb0Ow%3D%3D&trackingId=D8llN%2BGHXzLbHLOTh%2BA%2B4A%3D%3D
AstraZeneca,Internship - Marketing Intern (1 year),AstraZeneca,"Taiwan Province, China",https://cn.linkedin.com/jobs/view/internship-marketing-intern-1-year-at-astrazeneca-4386878505?position=4&pageNum=0&refId=UlS9j8ElARAz%2F33OOLb0Ow%3D%3D&trackingId=Uqpk7IlddyR9ma3CbFlgHQ%3D%3D
AstraZeneca,Data Analyst - Internship (6 months),Gain Theory,"Singapore, Singapore",https://sg.linkedin.com/jobs/view/data-analyst-internship-6-months-at-gain-theory-4400372745?position=5&pageNum=0&refId=UlS9j8ElARAz%2F33OOLb0Ow%3D%3D&trackingId=%2Bjr2b8Lbcq4nvv5TJdX9ow%3D%3D
AstraZeneca,Insights & Business Excellence Intern (1 year),AstraZeneca,"Taiwan Province, China",https://cn.linkedin.com/jobs/view/insights-business-excellence-intern-1-year-at-astrazeneca-4390990106?position=6&pageNum=0&refId=UlS9j8ElARAz%2F33OOLb0Ow%3D%3D&trackingId=DPRfpPujqhwLlM9ZhGg7jw%3D%3D
AstraZeneca,Strategy Consultant (Internship),VML THE COCKTAIL,"Madrid, Community of Madrid, Spain",https://es.linkedin.com/jobs/view/strategy-consultant-internship-at-vml-the-cocktail-4398571804?position=7&pageNum=0&refId=UlS9j8ElARAz%2F33OOLb0Ow%3D%3D&trackingId=VqejP4q1u%2Fd1FmrWn9w9pQ%3D%3D
AstraZeneca,Internship - Human Resources Intern (1 year),AstraZeneca,"Taiwan Province, China",https://cn.linkedin.com/jobs/view/internship-human-resources-intern-1-year-at-astrazeneca-4390031391?position=8&pageNum=0&refId=UlS9j8ElARAz%2F33OOLb0Ow%3D%3D&trackingId=dKX2VvsGg8ferEZorikkFA%3D%3D
AstraZeneca,Internship - Corporate Communication Intern (1 year),AstraZeneca,"Taiwan Province, China",https://cn.linkedin.com/jobs/view/internship-corporate-communication-intern-1-year-at-astrazeneca-4390743364?position=9&pageNum=0&refId=UlS9j8ElARAz%2F33OOLb0Ow%3D%3D&trackingId=4BSu9HLVK311CIQ9lRaGlg%3D%3D
AstraZeneca,Client Success - Internship (6 months),Gain Theory,"Singapore, Singapore",https://sg.linkedin.com/jobs/view/client-success-internship-6-months-at-gain-theory-4400375633?position=10&pageNum=0&refId=UlS9j8ElARAz%2F33OOLb0Ow%3D%3D&trackingId=hVQY7S3louTU8EEKpKwzOg%3D%3D
AstraZeneca,Data Science Internship (Mandarin Speaker),AstraZeneca,"Petaling Jaya, Selangor, Malaysia",https://my.linkedin.com/jobs/view/data-science-internship-mandarin-speaker-at-astrazeneca-4387273230?position=12&pageNum=0&refId=UlS9j8ElARAz%2F33OOLb0Ow%3D%3D&trackingId=df41n7GW3YmOMrIkwEDEsg%3D%3D
AstraZeneca,Marketing Intern,SAP Taulia,"London, England, United Kingdom",https://uk.linkedin.com/jobs/view/marketing-intern-at-sap-taulia-4398480153?position=13&pageNum=0&refId=UlS9j8ElARAz%2F33OOLb0Ow%3D%3D&trackingId=FxB%2F0Bgt99eu%2FxXrBg4%2BAg%3D%3D
AstraZeneca,Media Internship,CoreBiz,"São Paulo, São Paulo, Brazil",https://br.linkedin.com/jobs/view/media-internship-at-corebiz-4383435455?position=14&pageNum=0&refId=UlS9j8ElARAz%2F33OOLb0Ow%3D%3D&trackingId=Ush5eVS2MYwSQR2wkqmMNw%3D%3D
AstraZeneca,INTERNSHIP - AI ARTIST,VML,"Paris, Île-de-France, France",https://fr.linkedin.com/jobs/view/internship-ai-artist-at-vml-4371405756?position=16&pageNum=0&refId=UlS9j8ElARAz%2F33OOLb0Ow%3D%3D&trackingId=B0WbD5gS1931CJwHAHe%2Few%3D%3D
AstraZeneca,"Programe de internship, trainee sau joburi entry-level in Marketing",Hipo.ro,"Ilfov, Romania",https://ro.linkedin.com/jobs/view/programe-de-internship-trainee-sau-joburi-entry-level-in-marketing-at-hipo-ro-4386948654?position=17&pageNum=0&refId=UlS9j8ElARAz%2F33OOLb0Ow%3D%3D&trackingId=HRR4xgS5qB0K6C%2BuDzxe%2FQ%3D%3D
AstraZeneca,Talent Acquisition Intern,SAP Taulia,"San Francisco, CA",https://www.linkedin.com/jobs/view/talent-acquisition-intern-at-sap-taulia-4397904595?position=19&pageNum=0&refId=UlS9j8ElARAz%2F33OOLb0Ow%3D%3D&trackingId=XODZTkwgDBq51qtCEmvEQQ%3D%3D
AstraZeneca,Graphic Designer Intern,VML,"Kuala Lumpur, Federal Territory of Kuala Lumpur, Malaysia",https://my.linkedin.com/jobs/view/graphic-designer-intern-at-vml-4371415378?position=20&pageNum=0&refId=UlS9j8ElARAz%2F33OOLb0Ow%3D%3D&trackingId=NWRNSS40KGlWlXHAa2D6cw%3D%3D
AstraZeneca,Programe de internship trainee sau joburi entry-level in Inginerie,Hipo.ro,"Ilfov, Romania",https://ro.linkedin.com/jobs/view/programe-de-internship-trainee-sau-joburi-entry-level-in-inginerie-at-hipo-ro-4365772133?position=22&pageNum=0&refId=UlS9j8ElARAz%2F33OOLb0Ow%3D%3D&trackingId=T6GGJ%2BhR8xLuAoqOlaox4Q%3D%3D
AstraZeneca,Production Assistant Internship,Dreambox Creative Agency,"Serpong, Banten, Indonesia",https://id.linkedin.com/jobs/view/production-assistant-internship-at-dreambox-creative-agency-4401848164?position=23&pageNum=0&refId=UlS9j8ElARAz%2F33OOLb0Ow%3D%3D&trackingId=ZMPuCKbRBblHCOqRKgF7nQ%3D%3D
AstraZeneca,IT Support Intern,SAP Taulia,"Salt Lake City, UT",https://www.linkedin.com/jobs/view/it-support-intern-at-sap-taulia-4399738168?position=27&pageNum=0&refId=UlS9j8ElARAz%2F33OOLb0Ow%3D%3D&trackingId=1dTKx1Hfehk8UOi0bajHhQ%3D%3D
AstraZeneca,Finance Intern in Reporting Team - 12 months Career Starter Program,ACCA Careers,"Warsaw, Mazowieckie, Poland",https://pl.linkedin.com/jobs/view/finance-intern-in-reporting-team-12-months-career-starter-program-at-acca-careers-4397450571?position=28&pageNum=0&refId=UlS9j8ElARAz%2F33OOLb0Ow%3D%3D&trackingId=ap5Poc%2FMqoUcSMHcw%2FMIqg%3D%3D
AstraZeneca,Global Clinical Solutions Services Intern,Fundacja Grupy ERGO Hestia Integralia,"Mazowieckie, Poland",https://pl.linkedin.com/jobs/view/global-clinical-solutions-services-intern-at-fundacja-grupy-ergo-hestia-integralia-4398789430?position=11&pageNum=0&refId=J0LQVB8AnwKLS8T1YYaOTA%3D%3D&trackingId=JsLJxA041sQrkPLqsGlHEQ%3D%3D
AstraZeneca,"Marketing & Business Development Intern, SACC-DC, Fall 2026",SACC Chicago (Swedish American Chamber of Commerce Chicago),"Washington, DC",https://www.linkedin.com/jobs/view/marketing-business-development-intern-sacc-dc-fall-2026-at-sacc-chicago-swedish-american-chamber-of-commerce-chicago-4304779744?position=23&pageNum=0&refId=J0LQVB8AnwKLS8T1YYaOTA%3D%3D&trackingId=fXkXaCDJ38Hoo%2BvkhqoovA%3D%3D
GSK,"Clinical Study Associate, Student Intern (12-month contract)",GSK,"Mississauga, Ontario, Canada",https://ca.linkedin.com/jobs/view/clinical-study-associate-student-intern-12-month-contract-at-gsk-4402655291?position=1&pageNum=0&refId=Kpz%2BO9FfcQNojezLZmGspw%3D%3D&trackingId=8z%2FCtfBExacQlaZcQgsAcw%3D%3D
GSK,"Clinical Study Associate, Student Intern (12-month contract)",GSK,"Toronto, Ontario, Canada",https://ca.linkedin.com/jobs/view/clinical-study-associate-student-intern-12-month-contract-at-gsk-4402658231?position=2&pageNum=0&refId=Kpz%2BO9FfcQNojezLZmGspw%3D%3D&trackingId=ctTBCx150O8PKr5KDJGCbg%3D%3D
GSK,Microbiology For Climate Internship in Chennai,Energy Alternatives India,"Chennai, Tamil Nadu, India",https://in.linkedin.com/jobs/view/microbiology-for-climate-internship-in-chennai-at-energy-alternatives-india-4392098969?position=3&pageNum=0&refId=Kpz%2BO9FfcQNojezLZmGspw%3D%3D&trackingId=QA3OZYC%2FrvZ1RtEmj3mD0A%3D%3D
GSK,Startups Research Internship in Chennai,Energy Alternatives India,"Chennai, Tamil Nadu, India",https://in.linkedin.com/jobs/view/startups-research-internship-in-chennai-at-energy-alternatives-india-4392301894?position=4&pageNum=0&refId=Kpz%2BO9FfcQNojezLZmGspw%3D%3D&trackingId=u%2B51sJ64W49ZElbDWuAIVw%3D%3D
GSK,Biochemistry Internship in Chennai,Energy Alternatives India,"Chennai, Tamil Nadu, India",https://in.linkedin.com/jobs/view/biochemistry-internship-in-chennai-at-energy-alternatives-india-4400330344?position=5&pageNum=0&refId=Kpz%2BO9FfcQNojezLZmGspw%3D%3D&trackingId=F940KGpjOCEvWdbj5Wx9Zg%3D%3D
GSK,"Internship - Strategy and Business Excellence, Singapore (July to December 2026)",GSK,"Singapore, Singapore",https://sg.linkedin.com/jobs/view/internship-strategy-and-business-excellence-singapore-july-to-december-2026-at-gsk-4354393317?position=7&pageNum=0&refId=Kpz%2BO9FfcQNojezLZmGspw%3D%3D&trackingId=RPV6Zj%2FFWUeyWkKRPmHgiQ%3D%3D
GSK,Oncology - Marketing intern,GSK,"Taipei, Taipei City, Taiwan",https://tw.linkedin.com/jobs/view/oncology-marketing-intern-at-gsk-4386797660?position=9&pageNum=0&refId=Kpz%2BO9FfcQNojezLZmGspw%3D%3D&trackingId=X7j7%2Fg5gcQzRRML7V4w5nw%3D%3D
GSK,"Internship: End-to-End Logistics & Supply Chain Transformation, Belgium – 2026",GSK,"Wavre, Walloon Region, Belgium",https://be.linkedin.com/jobs/view/internship-end-to-end-logistics-supply-chain-transformation-belgium-%E2%80%93-2026-at-gsk-4361172244?position=10&pageNum=0&refId=Kpz%2BO9FfcQNojezLZmGspw%3D%3D&trackingId=pTyYwtHKdAukUhGVWacCNw%3D%3D
GSK,"Internship – Communications and Government Affairs, International Region, Singapore (July to December 2026)",GSK,"Singapore, Singapore",https://sg.linkedin.com/jobs/view/internship-%E2%80%93-communications-and-government-affairs-international-region-singapore-july-to-december-2026-at-gsk-4379904850?position=11&pageNum=0&refId=Kpz%2BO9FfcQNojezLZmGspw%3D%3D&trackingId=0JUf8aikBvKGxKdxJs0WWg%3D%3D
GSK,Market Access Summer Intern,GSK,"Taipei, Taipei City, Taiwan",https://tw.linkedin.com/jobs/view/market-access-summer-intern-at-gsk-4386344601?position=12&pageNum=0&refId=Kpz%2BO9FfcQNojezLZmGspw%3D%3D&trackingId=kRv8qP3GLHIGjEfCHjskJA%3D%3D
GSK,"Internship: Support in Global Health Supply & Operations, Belgium – 2026",GSK,"Wavre, Walloon Region, Belgium",https://be.linkedin.com/jobs/view/internship-support-in-global-health-supply-operations-belgium-%E2%80%93-2026-at-gsk-4387653291?position=13&pageNum=0&refId=Kpz%2BO9FfcQNojezLZmGspw%3D%3D&trackingId=6UzPao0nHvEljmY8PyEi8w%3D%3D
GSK,"Internship: Vaccine Manufacturing Technology & Lyophilization, Belgium – 2026",GSK,"Wavre, Walloon Region, Belgium",https://be.linkedin.com/jobs/view/internship-vaccine-manufacturing-technology-lyophilization-belgium-%E2%80%93-2026-at-gsk-4384729758?position=14&pageNum=0&refId=Kpz%2BO9FfcQNojezLZmGspw%3D%3D&trackingId=9Ohl7tAsQCVDOJ0smLLTLA%3D%3D
GSK,"Internship: Scientist Global Regulatory Affairs, Belgium – 2026",GSK,"Wavre, Walloon Region, Belgium",https://be.linkedin.com/jobs/view/internship-scientist-global-regulatory-affairs-belgium-%E2%80%93-2026-at-gsk-4393929329?position=15&pageNum=0&refId=Kpz%2BO9FfcQNojezLZmGspw%3D%3D&trackingId=xxwy3HgxaCWniKANVVhE7g%3D%3D
GSK,Strategy Consulting - Sustainability & Climate Tech Internship in Chennai,Energy Alternatives India,"Chennai, Tamil Nadu, India",https://in.linkedin.com/jobs/view/strategy-consulting-sustainability-climate-tech-internship-in-chennai-at-energy-alternatives-india-4385890843?position=16&pageNum=0&refId=Kpz%2BO9FfcQNojezLZmGspw%3D%3D&trackingId=eT%2FpIC0%2FtSaK1P%2BMOAB74w%3D%3D
GSK,"Internship - Operational Excellence & Smart Manufacturing, Singapore (July to December 2026)",GSK,"Tuas, West Region, Singapore",https://sg.linkedin.com/jobs/view/internship-operational-excellence-smart-manufacturing-singapore-july-to-december-2026-at-gsk-4345296412?position=17&pageNum=0&refId=Kpz%2BO9FfcQNojezLZmGspw%3D%3D&trackingId=%2FF0TZvA0%2BnOJxk%2FxRsZy2g%3D%3D
GSK,"Internship - Market Access and Pricing Strategy, Singapore (May to August 2026)",GSK,"Singapore, Singapore",https://sg.linkedin.com/jobs/view/internship-market-access-and-pricing-strategy-singapore-may-to-august-2026-at-gsk-4400275345?position=18&pageNum=0&refId=Kpz%2BO9FfcQNojezLZmGspw%3D%3D&trackingId=Y%2BwzFG2mencGNBSiPoq%2F2g%3D%3D
GSK,Internship - Finance Analyst (Financial Planning & Forecasting) - Aug/Sept 2026 to Feb/Mar 2027,GSK,"Petaling Jaya, Selangor, Malaysia",https://my.linkedin.com/jobs/view/internship-finance-analyst-financial-planning-forecasting-aug-sept-2026-to-feb-mar-2027-at-gsk-4398515915?position=19&pageNum=0&refId=Kpz%2BO9FfcQNojezLZmGspw%3D%3D&trackingId=JGaHZMUfOs62OSOzCSnlwg%3D%3D
GSK,Medical Intern - one year Intern,GSK,"Taipei, Taipei City, Taiwan",https://tw.linkedin.com/jobs/view/medical-intern-one-year-intern-at-gsk-4384737411?position=20&pageNum=0&refId=Kpz%2BO9FfcQNojezLZmGspw%3D%3D&trackingId=EavpoabQ%2F13vO7%2FU4TmTcg%3D%3D
GSK,"Internship - Value Stream Engineer (HBV Project), Singapore (July to December 2026)",GSK,"Tuas, West Region, Singapore",https://sg.linkedin.com/jobs/view/internship-value-stream-engineer-hbv-project-singapore-july-to-december-2026-at-gsk-4345446317?position=21&pageNum=0&refId=Kpz%2BO9FfcQNojezLZmGspw%3D%3D&trackingId=WSUat7R7qUyKU1Qz%2BeCsow%3D%3D
GSK,GMASE Intern,GSK,"Taipei, Taipei City, Taiwan",https://tw.linkedin.com/jobs/view/gmase-intern-at-gsk-4381613338?position=22&pageNum=0&refId=Kpz%2BO9FfcQNojezLZmGspw%3D%3D&trackingId=CXZuZTiwfaEgXod6yzLXvg%3D%3D
GSK,"Internship - Medical Digital and Tech, Singapore (July to December 2026)",GSK,"Singapore, Singapore",https://sg.linkedin.com/jobs/view/internship-medical-digital-and-tech-singapore-july-to-december-2026-at-gsk-4365053311?position=23&pageNum=0&refId=Kpz%2BO9FfcQNojezLZmGspw%3D%3D&trackingId=fpC%2FG1zwXYs7LLRy2kzGSQ%3D%3D
GSK,Vaccines Marketing Intern - Adult,GSK,"Taipei, Taipei City, Taiwan",https://tw.linkedin.com/jobs/view/vaccines-marketing-intern-adult-at-gsk-4381499957?position=24&pageNum=0&refId=Kpz%2BO9FfcQNojezLZmGspw%3D%3D&trackingId=V%2Ba8xVXUSiPI53RBY%2Ftb3A%3D%3D
GSK,Vaccines Marketing Intern- Adult,GSK,"Taipei, Taipei City, Taiwan",https://tw.linkedin.com/jobs/view/vaccines-marketing-intern-adult-at-gsk-4381603765?position=25&pageNum=0&refId=Kpz%2BO9FfcQNojezLZmGspw%3D%3D&trackingId=NVVhSGlxgsIxUOanq6VS3Q%3D%3D
GSK,"Internship - Enterprise Business, Singapore (July - December 2026)",GSK,"Singapore, Singapore",https://sg.linkedin.com/jobs/view/internship-enterprise-business-singapore-july-december-2026-at-gsk-4346090723?position=26&pageNum=0&refId=Kpz%2BO9FfcQNojezLZmGspw%3D%3D&trackingId=1pjZmntv1Jxl7O6oroYjnQ%3D%3D
GSK,Specialty Marketing Intern,GSK,"Taipei, Taipei City, Taiwan",https://tw.linkedin.com/jobs/view/specialty-marketing-intern-at-gsk-4389729608?position=27&pageNum=0&refId=Kpz%2BO9FfcQNojezLZmGspw%3D%3D&trackingId=PXb%2BuI0R4jOaPvnK6DSiXg%3D%3D
GSK,"Register Your Interest – January to June 2027 Internship, Singapore",GSK,"Singapore, Singapore",https://sg.linkedin.com/jobs/view/register-your-interest-%E2%80%93-january-to-june-2027-internship-singapore-at-gsk-4378010170?position=28&pageNum=0&refId=Kpz%2BO9FfcQNojezLZmGspw%3D%3D&trackingId=XU56YMNnXTi2NuWTgSk3Tg%3D%3D
GSK,Marketing Strategy Internship in Chennai,Energy Alternatives India,"Chennai, Tamil Nadu, India",https://in.linkedin.com/jobs/view/marketing-strategy-internship-in-chennai-at-energy-alternatives-india-4385788004?position=29&pageNum=0&refId=Kpz%2BO9FfcQNojezLZmGspw%3D%3D&trackingId=lHvPeVsuljRDRSWBVetzeQ%3D%3D
GSK,"Register Your Interest – January to June 2027 Internship, Singapore",GSK,"Tuas, West Region, Singapore",https://sg.linkedin.com/jobs/view/register-your-interest-%E2%80%93-january-to-june-2027-internship-singapore-at-gsk-4378007289?position=30&pageNum=0&refId=Kpz%2BO9FfcQNojezLZmGspw%3D%3D&trackingId=vuDH%2B%2Bv9j0fNdz3rTQXDmA%3D%3D
GSK,"Register Your Interest – January to June 2027 Internship, Singapore",GSK,"Jurong, West Region, Singapore",https://sg.linkedin.com/jobs/view/register-your-interest-%E2%80%93-january-to-june-2027-internship-singapore-at-gsk-4378008264?position=31&pageNum=0&refId=Kpz%2BO9FfcQNojezLZmGspw%3D%3D&trackingId=IdF3tfx3YL4M49pfXHbyUA%3D%3D
GSK,Vaccines Marketing Intern- Pediatric,GSK,"Taipei, Taipei City, Taiwan",https://tw.linkedin.com/jobs/view/vaccines-marketing-intern-pediatric-at-gsk-4381624018?position=32&pageNum=0&refId=Kpz%2BO9FfcQNojezLZmGspw%3D%3D&trackingId=xkZxF6nb59AmefjnlitIuA%3D%3D
GSK,Regulatory Affairs - Summer Intern,GSK,"Taipei, Taipei City, Taiwan",https://tw.linkedin.com/jobs/view/regulatory-affairs-summer-intern-at-gsk-4386358159?position=33&pageNum=0&refId=Kpz%2BO9FfcQNojezLZmGspw%3D%3D&trackingId=x08PwcdrKy23qDH4N8gx7Q%3D%3D
GSK,"Internship - Internal Communications, Singapore (July to December 2026)",GSK,"Jurong, West Region, Singapore",https://sg.linkedin.com/jobs/view/internship-internal-communications-singapore-july-to-december-2026-at-gsk-4345162692?position=34&pageNum=0&refId=Kpz%2BO9FfcQNojezLZmGspw%3D%3D&trackingId=Al3PKbn2%2Bje7tzL07yYEKQ%3D%3D
GSK,"Internship - MSAT Product Stewardship, Singapore (July to December 2026)",GSK,"Tuas, West Region, Singapore",https://sg.linkedin.com/jobs/view/internship-msat-product-stewardship-singapore-july-to-december-2026-at-gsk-4345486169?position=35&pageNum=0&refId=Kpz%2BO9FfcQNojezLZmGspw%3D%3D&trackingId=8viVOEhVlPWE53PvHkl2fg%3D%3D
GSK,"Internship: Digital Operations & Manufacturing Execution, Belgium – 2026",GSK,"Wavre, Walloon Region, Belgium",https://be.linkedin.com/jobs/view/internship-digital-operations-manufacturing-execution-belgium-%E2%80%93-2026-at-gsk-4380968765?position=36&pageNum=0&refId=Kpz%2BO9FfcQNojezLZmGspw%3D%3D&trackingId=qj0v79PO2u6cl4YSEE8kSg%3D%3D
GSK,Market Development Internship in Chennai,Energy Alternatives India,"Chennai, Tamil Nadu, India",https://in.linkedin.com/jobs/view/market-development-internship-in-chennai-at-energy-alternatives-india-4387200387?position=37&pageNum=0&refId=Kpz%2BO9FfcQNojezLZmGspw%3D%3D&trackingId=IJdIwMjbClzGeHBCO9nDPQ%3D%3D
GSK,"Internship: Cold Chain and Distribution Project Coordinator, Vaccines Supply Chain, Belgium - 2026",GSK,"Wavre, Walloon Region, Belgium",https://be.linkedin.com/jobs/view/internship-cold-chain-and-distribution-project-coordinator-vaccines-supply-chain-belgium-2026-at-gsk-4354633689?position=38&pageNum=0&refId=Kpz%2BO9FfcQNojezLZmGspw%3D%3D&trackingId=%2BHJlu5T%2FE5kuJTKql16O6Q%3D%3D
GSK,"Internship: Global Quality Digital & AI Transformation - Deployment Specialist, Belgium – 2026",GSK,"Rixensart, Walloon Region, Belgium",https://be.linkedin.com/jobs/view/internship-global-quality-digital-ai-transformation-deployment-specialist-belgium-%E2%80%93-2026-at-gsk-4391576350?position=39&pageNum=0&refId=Kpz%2BO9FfcQNojezLZmGspw%3D%3D&trackingId=e636qHF7b8aZ92lfYU6ZVw%3D%3D
GSK,Internship - Occupational Health (Aug/Sept 2026 to Feb/Mar 2027),GSK,"Petaling Jaya, Selangor, Malaysia",https://my.linkedin.com/jobs/view/internship-occupational-health-aug-sept-2026-to-feb-mar-2027-at-gsk-4398524515?position=40&pageNum=0&refId=Kpz%2BO9FfcQNojezLZmGspw%3D%3D&trackingId=mS2QDV6lt3acWRbalGe5ig%3D%3D
GSK,"Internship - Value Stream Engineer, Singapore (July to December 2026)",GSK,"Tuas, West Region, Singapore",https://sg.linkedin.com/jobs/view/internship-value-stream-engineer-singapore-july-to-december-2026-at-gsk-4359674765?position=41&pageNum=0&refId=Kpz%2BO9FfcQNojezLZmGspw%3D%3D&trackingId=oyAeXbwkpnE3DgKYuCw8dg%3D%3D
GSK,"Internship: Digital Solutions – Automation, Robotics & Data, Belgium – 2026",GSK,"Rixensart, Walloon Region, Belgium",https://be.linkedin.com/jobs/view/internship-digital-solutions-%E2%80%93-automation-robotics-data-belgium-%E2%80%93-2026-at-gsk-4402578288?position=42&pageNum=0&refId=Kpz%2BO9FfcQNojezLZmGspw%3D%3D&trackingId=Wb4X5DJP1AXD7TRcgR658w%3D%3D
GSK,Internship - Finance Analyst (Close & Control) - Aug/Sept 2026 to Feb/Mar 2027,GSK,"Petaling Jaya, Selangor, Malaysia",https://my.linkedin.com/jobs/view/internship-finance-analyst-close-control-aug-sept-2026-to-feb-mar-2027-at-gsk-4398524514?position=43&pageNum=0&refId=Kpz%2BO9FfcQNojezLZmGspw%3D%3D&trackingId=SH3fodqRPTdMavlyM%2FY5bw%3D%3D
GSK,Internship - Communications & Engagement (Aug/Sept 2026 to Feb/Mar 2027),GSK,"Petaling Jaya, Selangor, Malaysia",https://my.linkedin.com/jobs/view/internship-communications-engagement-aug-sept-2026-to-feb-mar-2027-at-gsk-4398530366?position=44&pageNum=0&refId=Kpz%2BO9FfcQNojezLZmGspw%3D%3D&trackingId=k5gOntFjxmDIIl1PlRQZeQ%3D%3D
GSK,"Internship: Global Quality Digital & AI Transformation - Specialist for Funnel Building & Use Cases Expansion, Belgium – 2026",GSK,"Rixensart, Walloon Region, Belgium",https://be.linkedin.com/jobs/view/internship-global-quality-digital-ai-transformation-specialist-for-funnel-building-use-cases-expansion-belgium-%E2%80%93-2026-at-gsk-4391580110?position=45&pageNum=0&refId=Kpz%2BO9FfcQNojezLZmGspw%3D%3D&trackingId=p13D%2Bja%2BkKnwP0QxoYZAfQ%3D%3D
GSK,Internship - Management Accounting (Aug/Sept 2026 to Feb/Mar 2027),GSK,"Petaling Jaya, Selangor, Malaysia",https://my.linkedin.com/jobs/view/internship-management-accounting-aug-sept-2026-to-feb-mar-2027-at-gsk-4398516813?position=46&pageNum=0&refId=Kpz%2BO9FfcQNojezLZmGspw%3D%3D&trackingId=3T%2FPmb4NO0a2%2BLqteHAkAA%3D%3D
GSK,Internship - Finance Analyst (Purchase to Pay) - Aug/Sept 2026 to Feb/Mar 2027,GSK,"Petaling Jaya, Selangor, Malaysia",https://my.linkedin.com/jobs/view/internship-finance-analyst-purchase-to-pay-aug-sept-2026-to-feb-mar-2027-at-gsk-4398530362?position=47&pageNum=0&refId=Kpz%2BO9FfcQNojezLZmGspw%3D%3D&trackingId=YVdslFY3mgC2MeJRsO9dHA%3D%3D
GSK,Distributor Associate (UAE National Only) 2 Years Full Time Graduate Internship,GSK,"Dubai, Dubai, United Arab Emirates",https://ae.linkedin.com/jobs/view/distributor-associate-uae-national-only-2-years-full-time-graduate-internship-at-gsk-4390850250?position=49&pageNum=0&refId=Kpz%2BO9FfcQNojezLZmGspw%3D%3D&trackingId=ogP%2BXwm2NptP94GY5yzqww%3D%3D
GSK,"Internship: MSAT Technologist Intern, Italy, 2026",GSK,"Rosia, Tuscany, Italy",https://it.linkedin.com/jobs/view/internship-msat-technologist-intern-italy-2026-at-gsk-4401359624?position=50&pageNum=0&refId=Kpz%2BO9FfcQNojezLZmGspw%3D%3D&trackingId=keS2Rc1jJGtnlym908rrVQ%3D%3D
Reckitt,Reckitt Internship Program 2026,Reckitt,"Kuala Lumpur, Federal Territory of Kuala Lumpur, Malaysia",https://my.linkedin.com/jobs/view/reckitt-internship-program-2026-at-reckitt-4397301924?position=1&pageNum=0&refId=1E9If3VLhG4R%2BtBjswqt8A%3D%3D&trackingId=YoZ%2BuxACDpO5tbv5r2TY8g%3D%3D
Reckitt,Procurement Intern,Reckitt,"Dubai, Dubai, United Arab Emirates",https://ae.linkedin.com/jobs/view/procurement-intern-at-reckitt-4398377693?position=2&pageNum=0&refId=1E9If3VLhG4R%2BtBjswqt8A%3D%3D&trackingId=J1XEKf9E21%2BQRJEtjGONyQ%3D%3D
Reckitt,Internship E-commerce,Reckitt,"Milan, Lombardy, Italy",https://it.linkedin.com/jobs/view/internship-e-commerce-at-reckitt-4389243257?position=5&pageNum=0&refId=1E9If3VLhG4R%2BtBjswqt8A%3D%3D&trackingId=10G9vD24aRSQ4pOcCF%2BEaQ%3D%3D
Reckitt,Intern - FIN,Reckitt,"Brussels, Brussels Region, Belgium",https://be.linkedin.com/jobs/view/intern-fin-at-reckitt-4389473402?position=8&pageNum=0&refId=1E9If3VLhG4R%2BtBjswqt8A%3D%3D&trackingId=mV0iasbVeQxcTqusuMUIgA%3D%3D
Reckitt,"2026 Undergrad Research & Development Summer Internship - Montvale, NJ",Reckitt,"Montvale, NJ",https://www.linkedin.com/jobs/view/2026-undergrad-research-development-summer-internship-montvale-nj-at-reckitt-4365773983?position=9&pageNum=0&refId=1E9If3VLhG4R%2BtBjswqt8A%3D%3D&trackingId=8gQeWohxyAXbanPlUsvCUw%3D%3D
Reckitt,Internship Supply Services Logistic,Reckitt,"VE, Veneto, Italy",https://it.linkedin.com/jobs/view/internship-supply-services-logistic-at-reckitt-4390387482?position=11&pageNum=0&refId=1E9If3VLhG4R%2BtBjswqt8A%3D%3D&trackingId=NpyTh8XANQA0sWscP%2BK8uA%3D%3D
Reckitt,"2026 Regulatory Summer Internship | Nutley, NJ, USA",Reckitt,"Nutley, NJ",https://www.linkedin.com/jobs/view/2026-regulatory-summer-internship-nutley-nj-usa-at-reckitt-4402657601?position=12&pageNum=0&refId=1E9If3VLhG4R%2BtBjswqt8A%3D%3D&trackingId=btwHEkdGSmLoVMpV%2BdQk3g%3D%3D
Reckitt,"2026 IT Summer Internship | Nutley, NJ, USA",Reckitt,"Nutley, NJ",https://www.linkedin.com/jobs/view/2026-it-summer-internship-nutley-nj-usa-at-reckitt-4402657602?position=13&pageNum=0&refId=1E9If3VLhG4R%2BtBjswqt8A%3D%3D&trackingId=MH%2BX8ZhnDUeL%2FZHX%2BYVH7g%3D%3D
Reckitt,"2026 Supply Summer Internship - Nutley, NJ, USA",Reckitt,"Nutley, NJ",https://www.linkedin.com/jobs/view/2026-supply-summer-internship-nutley-nj-usa-at-reckitt-4366302923?position=14&pageNum=0&refId=1E9If3VLhG4R%2BtBjswqt8A%3D%3D&trackingId=w87gjxSnI8fI4duYfxG%2Bdg%3D%3D
Reckitt,"2026 Undergrad Commercial Summer Internship: Sales, E-Commerce, & Marketing - Nutley, NJ",Reckitt,"Nutley, NJ",https://www.linkedin.com/jobs/view/2026-undergrad-commercial-summer-internship-sales-e-commerce-marketing-nutley-nj-at-reckitt-4366308711?position=15&pageNum=0&refId=1E9If3VLhG4R%2BtBjswqt8A%3D%3D&trackingId=vNbcPLKm0cM%2F78ymVOSIOg%3D%3D
Reckitt,Internship - Demand Planning Assistant - July 2026,Vestacy,"Brussels, Brussels Region, Belgium",https://be.linkedin.com/jobs/view/internship-demand-planning-assistant-july-2026-at-vestacy-4392284516?position=16&pageNum=0&refId=1E9If3VLhG4R%2BtBjswqt8A%3D%3D&trackingId=ey%2FAHCpZDvhyrx8M%2BkFH6w%3D%3D
Reckitt,"2026 Supply Summer Internship | Wilson, NC, USA",Reckitt,"Wilson, NC",https://www.linkedin.com/jobs/view/2026-supply-summer-internship-wilson-nc-usa-at-reckitt-4346699450?position=17&pageNum=0&refId=1E9If3VLhG4R%2BtBjswqt8A%3D%3D&trackingId=3U5ITCPpXloyzz9RcVXIYw%3D%3D
Reckitt,"2026 Supply Summer Internship | St. Peters, MO, USA",Reckitt,"St Peters, MO",https://www.linkedin.com/jobs/view/2026-supply-summer-internship-st-peters-mo-usa-at-reckitt-4372939655?position=18&pageNum=0&refId=1E9If3VLhG4R%2BtBjswqt8A%3D%3D&trackingId=l1j8T9Hryg3zg05T7kgGgw%3D%3D
Reckitt,"2026 Legal Summer Internship | Nutley, NJ, USA",Reckitt,"Nutley, NJ",https://www.linkedin.com/jobs/view/2026-legal-summer-internship-nutley-nj-usa-at-reckitt-4402676404?position=19&pageNum=0&refId=1E9If3VLhG4R%2BtBjswqt8A%3D%3D&trackingId=SSrcoxF1UDunQyrIPdtjIw%3D%3D
Reckitt,Internship - Customer Supply Assistant - July 2026,Vestacy,Brussels Metropolitan Area,https://be.linkedin.com/jobs/view/internship-customer-supply-assistant-july-2026-at-vestacy-4391020285?position=20&pageNum=0&refId=1E9If3VLhG4R%2BtBjswqt8A%3D%3D&trackingId=25nHr4V0yN5uIH14PhmKlQ%3D%3D
Reckitt,Sales Intern - July 2026,Vestacy,"Brussels, Brussels Region, Belgium",https://be.linkedin.com/jobs/view/sales-intern-july-2026-at-vestacy-4387082763?position=21&pageNum=0&refId=1E9If3VLhG4R%2BtBjswqt8A%3D%3D&trackingId=HwXl3SG22KGt8kiCr%2BRSBQ%3D%3D
Reckitt,"2026 IT Summer Internship | Nutley, NJ, USA",myGwork - LGBTQ+ Business Community,"Nutley, NJ",https://www.linkedin.com/jobs/view/2026-it-summer-internship-nutley-nj-usa-at-mygwork-lgbtq%2B-business-community-4400400515?position=22&pageNum=0&refId=1E9If3VLhG4R%2BtBjswqt8A%3D%3D&trackingId=CoYQU2bAweUMAWazxsbE%2Bg%3D%3D
Reckitt,"2026 Legal Summer Internship | Nutley, NJ, USA",myGwork - LGBTQ+ Business Community,"Nutley, NJ",https://www.linkedin.com/jobs/view/2026-legal-summer-internship-nutley-nj-usa-at-mygwork-lgbtq%2B-business-community-4400189662?position=23&pageNum=0&refId=1E9If3VLhG4R%2BtBjswqt8A%3D%3D&trackingId=MOyBk3HyHoWzgJ1IQvhr0g%3D%3D
BAT,Front-End Developer Intern,Dexter's Tech,India,https://in.linkedin.com/jobs/view/front-end-developer-intern-at-dexter-s-tech-4402137237?position=9&pageNum=0&refId=dd6dXTkNuwfBqc%2FDEBWNrQ%3D%3D&trackingId=DlwihFj7eKMeX%2BNZCw5IvA%3D%3D
BAT,Front-End Development Intern,Webs IT Solution,India,https://in.linkedin.com/jobs/view/front-end-development-intern-at-webs-it-solution-4402973918?position=16&pageNum=0&refId=dd6dXTkNuwfBqc%2FDEBWNrQ%3D%3D&trackingId=VVVO7Z1%2Bzi1ixjIBnccu%2BA%3D%3D
BAT,Content & Marketing Intern,Paper Trails - street marketing & media agency,"Amsterdam, North Holland, Netherlands",https://nl.linkedin.com/jobs/view/content-marketing-intern-at-paper-trails-street-marketing-media-agency-4401056988?position=52&pageNum=0&refId=dd6dXTkNuwfBqc%2FDEBWNrQ%3D%3D&trackingId=wfqQ6R7FMFqRSHgvrRTyXg%3D%3D
BAT,Digital Marketing Intern,Club Med,Miami-Fort Lauderdale Area,https://www.linkedin.com/jobs/view/digital-marketing-intern-at-club-med-4402143319?position=56&pageNum=0&refId=dd6dXTkNuwfBqc%2FDEBWNrQ%3D%3D&trackingId=rjuPLAOCP7i0341TWgkuqw%3D%3D
Vodafone,Student Internship Program Available At Vodafone Ghana (Apply Now),"National Communications Backbone Company Ltd, Subsidiary of Vodafone Ghana","Accra, Greater Accra Region, Ghana",https://gh.linkedin.com/jobs/view/student-internship-program-available-at-vodafone-ghana-apply-now-at-national-communications-backbone-company-ltd-subsidiary-of-vodafone-ghana-4389898255?position=1&pageNum=0&refId=%2B2i60ulQh83XVVghMHELAQ%3D%3D&trackingId=ncgjxp8hRZ7AeNrdIbX4OA%3D%3D
Vodafone,2026 Vodafone Greece Internship Program,Vodafone,Greece,https://gr.linkedin.com/jobs/view/2026-vodafone-greece-internship-program-at-vodafone-4385741167?position=2&pageNum=0&refId=%2B2i60ulQh83XVVghMHELAQ%3D%3D&trackingId=kPBgdALG%2FrAnP2BazwxLwA%3D%3D
Vodafone,2026 Vodafone Luxembourg Internship Program I Procurement,Vodafone,Luxembourg,https://lu.linkedin.com/jobs/view/2026-vodafone-luxembourg-internship-program-i-procurement-at-vodafone-4398466295?position=5&pageNum=0&refId=%2B2i60ulQh83XVVghMHELAQ%3D%3D&trackingId=OQ5%2BXqzFmhuHnCWEaRuurg%3D%3D
Vodafone,2026 Vodafone Luxembourg Internship Program I HR & Finance,Vodafone,Luxembourg,https://lu.linkedin.com/jobs/view/2026-vodafone-luxembourg-internship-program-i-hr-finance-at-vodafone-4398451400?position=6&pageNum=0&refId=%2B2i60ulQh83XVVghMHELAQ%3D%3D&trackingId=35W14LAcKo8990R7EGCo2Q%3D%3D
Vodafone,2026 Vodafone Luxembourg Internship Program I Commercial,Vodafone,Luxembourg,https://lu.linkedin.com/jobs/view/2026-vodafone-luxembourg-internship-program-i-commercial-at-vodafone-4398450361?position=7&pageNum=0&refId=%2B2i60ulQh83XVVghMHELAQ%3D%3D&trackingId=DLCl%2FFW1SySCPu%2BBKsORmA%3D%3D
Vodafone,Business Development Associate / Intern,akirolabs,"Berlin, Berlin, Germany",https://de.linkedin.com/jobs/view/business-development-associate-intern-at-akirolabs-4400509088?position=8&pageNum=0&refId=%2B2i60ulQh83XVVghMHELAQ%3D%3D&trackingId=sJM9CnEMPbYHrlvc5taDuA%3D%3D
Vodafone,Engineering or Computer Science Intern,Aptiv,"Ottawa, Ontario, Canada",https://ca.linkedin.com/jobs/view/engineering-or-computer-science-intern-at-aptiv-4401551883?position=9&pageNum=0&refId=%2B2i60ulQh83XVVghMHELAQ%3D%3D&trackingId=dbwcNogQlEtktblz4djlrA%3D%3D
Vodafone,Finance Intern,Wind River,"Walnut Creek, CA",https://www.linkedin.com/jobs/view/finance-intern-at-wind-river-4329932005?position=11&pageNum=0&refId=%2B2i60ulQh83XVVghMHELAQ%3D%3D&trackingId=lENPdGKqOv8YDHB4H77PRg%3D%3D
Vodafone,Business Development Associate / Intern,akirolabs,"Berlin, Germany",https://de.linkedin.com/jobs/view/business-development-associate-intern-at-akirolabs-4398676831?position=12&pageNum=0&refId=%2B2i60ulQh83XVVghMHELAQ%3D%3D&trackingId=%2B2Qyu2iWC38I4DKghx%2BbLA%3D%3D
Vodafone,Student Intern,AVSystem,"Cracow, Małopolskie, Poland",https://pl.linkedin.com/jobs/view/student-intern-at-avsystem-4374597564?position=19&pageNum=0&refId=%2B2i60ulQh83XVVghMHELAQ%3D%3D&trackingId=eVfgQvF%2BgbG0myugdWCI6w%3D%3D
Vodafone,2026 Airties Summerseed Internship Program,Airties,"Istanbul, Türkiye",https://tr.linkedin.com/jobs/view/2026-airties-summerseed-internship-program-at-airties-4397954245?position=21&pageNum=0&refId=%2B2i60ulQh83XVVghMHELAQ%3D%3D&trackingId=gzJWeipSolbgC3kdYN1kqg%3D%3D
Vodafone,Strategy & Regulatory Engineer (Internship) - Telco,Joinrs,"Rome, Latium, Italy",https://it.linkedin.com/jobs/view/strategy-regulatory-engineer-internship-telco-at-joinrs-4401096982?position=22&pageNum=0&refId=%2B2i60ulQh83XVVghMHELAQ%3D%3D&trackingId=o6maWL3YLlnsJCmlXptSsw%3D%3D
BT Group,Head of Support Afghanistan (Internal Only),Norwegian Refugee Council,"Kabul, Kabul Province, Afghanistan",https://af.linkedin.com/jobs/view/head-of-support-afghanistan-internal-only-at-norwegian-refugee-council-4402993120?position=21&pageNum=0&refId=3FklJoi6OFBKWxCJdTf6Gg%3D%3D&trackingId=4Q1%2Bw%2BoSSI%2FsRrKbYeOWhg%3D%3D
BT Group,Comercial Interno IT - Consultor/a (Remoto),AvanJobs,"Valencia, Valencian Community, Spain",https://es.linkedin.com/jobs/view/comercial-interno-it-consultor-a-remoto-at-avanjobs-4402979177?position=47&pageNum=0&refId=3FklJoi6OFBKWxCJdTf6Gg%3D%3D&trackingId=EVnGLZa4l%2BfEGiqw6G3QJw%3D%3D
BT Group,International Supply Operations Lead,Glovo,"Barcelona, Catalonia, Spain",https://es.linkedin.com/jobs/view/international-supply-operations-lead-at-glovo-4402150086?position=54&pageNum=0&refId=3FklJoi6OFBKWxCJdTf6Gg%3D%3D&trackingId=3uxxOtcCe3CPckpSyVgGKg%3D%3D
BAE Systems,Supply Chain Data Science Internship (Summer 2026),"BAE Systems, Inc.","Austin, TX",https://www.linkedin.com/jobs/view/supply-chain-data-science-internship-summer-2026-at-bae-systems-inc-4387513566?position=1&pageNum=0&refId=8Z%2FwOBP4u%2ByDNHrZ%2B4mNCg%3D%3D&trackingId=qjJDbnXhxtw6U0NHyfLXCg%3D%3D
BAE Systems,IT Internship- Spring/Summer 2026,"BAE Systems, Inc.","Falls Church, VA",https://www.linkedin.com/jobs/view/it-internship-spring-summer-2026-at-bae-systems-inc-4381733944?position=3&pageNum=0&refId=8Z%2FwOBP4u%2ByDNHrZ%2B4mNCg%3D%3D&trackingId=N%2B6qQM20U4jU1dXZDKYELw%3D%3D
BAE Systems,"Software Engineering Intern II, Summer 2026","BAE Systems, Inc.","Nashua, NH",https://www.linkedin.com/jobs/view/software-engineering-intern-ii-summer-2026-at-bae-systems-inc-4320635021?position=4&pageNum=0&refId=8Z%2FwOBP4u%2ByDNHrZ%2B4mNCg%3D%3D&trackingId=GRkHpQR0WhkTW6hKuubdtw%3D%3D
BAE Systems,"RF Engineering Intern, Summer 2026","BAE Systems, Inc.","Nashua, NH",https://www.linkedin.com/jobs/view/rf-engineering-intern-summer-2026-at-bae-systems-inc-4373137348?position=5&pageNum=0&refId=8Z%2FwOBP4u%2ByDNHrZ%2B4mNCg%3D%3D&trackingId=%2BzdVlIRoUN4GC32UWzkbxg%3D%3D
BAE Systems,"EE/CE/RF Engineering Intern, Summer 2026","BAE Systems, Inc.","Nashua, NH",https://www.linkedin.com/jobs/view/ee-ce-rf-engineering-intern-summer-2026-at-bae-systems-inc-4356243854?position=6&pageNum=0&refId=8Z%2FwOBP4u%2ByDNHrZ%2B4mNCg%3D%3D&trackingId=Ga5Kc6ODIKKCiVjr6%2Byi7Q%3D%3D
BAE Systems,"IT Interns, Summer 2026","BAE Systems, Inc.","Falls Church, VA",https://www.linkedin.com/jobs/view/it-interns-summer-2026-at-bae-systems-inc-4384062560?position=7&pageNum=0&refId=8Z%2FwOBP4u%2ByDNHrZ%2B4mNCg%3D%3D&trackingId=nWB3PNXIuRETDzAbaczfBg%3D%3D
BAE Systems,"GXP Software Intern, Summer 2026","BAE Systems, Inc.","San Diego, CA",https://www.linkedin.com/jobs/view/gxp-software-intern-summer-2026-at-bae-systems-inc-4383380957?position=8&pageNum=0&refId=8Z%2FwOBP4u%2ByDNHrZ%2B4mNCg%3D%3D&trackingId=syFfzNKNn7V5znehif9zlw%3D%3D
BAE Systems,"Systems Engineering Intern II, Summer 2026","BAE Systems, Inc.","Nashua, NH",https://www.linkedin.com/jobs/view/systems-engineering-intern-ii-summer-2026-at-bae-systems-inc-4391524058?position=9&pageNum=0&refId=8Z%2FwOBP4u%2ByDNHrZ%2B4mNCg%3D%3D&trackingId=REIN6F1POLeTO0p7GMAfsw%3D%3D
BAE Systems,Logistics Continuous Improvement Intern (Re-Hire Only),"BAE Systems, Inc.","Nashua, NH",https://www.linkedin.com/jobs/view/logistics-continuous-improvement-intern-re-hire-only-at-bae-systems-inc-4388470749?position=10&pageNum=0&refId=8Z%2FwOBP4u%2ByDNHrZ%2B4mNCg%3D%3D&trackingId=cyr57mq81dsqureFCHWOqA%3D%3D
BAE Systems,Quality Engineering Intern - Summer 2026,"BAE Systems, Inc.","Manassas, VA",https://www.linkedin.com/jobs/view/quality-engineering-intern-summer-2026-at-bae-systems-inc-4398642401?position=11&pageNum=0&refId=8Z%2FwOBP4u%2ByDNHrZ%2B4mNCg%3D%3D&trackingId=C8vcqH5bsDLs8nkaQfiNuw%3D%3D
BAE Systems,Operations Financial Analyst Intern (Summer 2026),"BAE Systems, Inc.","Nashua, NH",https://www.linkedin.com/jobs/view/operations-financial-analyst-intern-summer-2026-at-bae-systems-inc-4395078128?position=12&pageNum=0&refId=8Z%2FwOBP4u%2ByDNHrZ%2B4mNCg%3D%3D&trackingId=F4i2ulFns5Ciq5PGLD3hGw%3D%3D
BAE Systems,"IT Interns, Summer 2026","BAE Systems, Inc.","Nashua, NH",https://www.linkedin.com/jobs/view/it-interns-summer-2026-at-bae-systems-inc-4383097381?position=13&pageNum=0&refId=8Z%2FwOBP4u%2ByDNHrZ%2B4mNCg%3D%3D&trackingId=Ntb5eA3J1jd3nIOyvPB1Ng%3D%3D
BAE Systems,Additive Manufacturing (3d Printing) Intern,"BAE Systems, Inc.","Hudson, NH",https://www.linkedin.com/jobs/view/additive-manufacturing-3d-printing-intern-at-bae-systems-inc-4357375035?position=14&pageNum=0&refId=8Z%2FwOBP4u%2ByDNHrZ%2B4mNCg%3D%3D&trackingId=w4%2FScO%2BO7zUhBXbqJ0n4Ag%3D%3D
BAE Systems,IP Legal Summer Intern,"BAE Systems, Inc.","Nashua, NH",https://www.linkedin.com/jobs/view/ip-legal-summer-intern-at-bae-systems-inc-4396169413?position=15&pageNum=0&refId=8Z%2FwOBP4u%2ByDNHrZ%2B4mNCg%3D%3D&trackingId=YhDUsjB%2FSCmrZT5BKlCTUQ%3D%3D
BAE Systems,Quality Engineering Intern - Summer 2026,"BAE Systems, Inc.","Fort Wayne, IN",https://www.linkedin.com/jobs/view/quality-engineering-intern-summer-2026-at-bae-systems-inc-4374536879?position=16&pageNum=0&refId=8Z%2FwOBP4u%2ByDNHrZ%2B4mNCg%3D%3D&trackingId=1DU2snKCyaLzGSBGQXWNJQ%3D%3D
BAE Systems,Finance Intern Summer 2026,"BAE Systems, Inc.","Falls Church, VA",https://www.linkedin.com/jobs/view/finance-intern-summer-2026-at-bae-systems-inc-4378958345?position=17&pageNum=0&refId=8Z%2FwOBP4u%2ByDNHrZ%2B4mNCg%3D%3D&trackingId=MiG9TuWYFKpkkfXRqnhGug%3D%3D
BAE Systems,Test Technician Intern III,"BAE Systems, Inc.","Endicott, NY",https://www.linkedin.com/jobs/view/test-technician-intern-iii-at-bae-systems-inc-4399900956?position=18&pageNum=0&refId=8Z%2FwOBP4u%2ByDNHrZ%2B4mNCg%3D%3D&trackingId=r952vKd3VcQVp%2FI%2BDl9ySA%3D%3D
BAE Systems,Accounting Intern - Summer 2026,"BAE Systems, Inc.","Falls Church, VA",https://www.linkedin.com/jobs/view/accounting-intern-summer-2026-at-bae-systems-inc-4384089773?position=19&pageNum=0&refId=8Z%2FwOBP4u%2ByDNHrZ%2B4mNCg%3D%3D&trackingId=nkdPHnbsc2KHt5fjThvSbg%3D%3D
BAE Systems,Material Handler Logistics Internship (Summer 2026),"BAE Systems, Inc.","Greenlawn, NY",https://www.linkedin.com/jobs/view/material-handler-logistics-internship-summer-2026-at-bae-systems-inc-4363243344?position=20&pageNum=0&refId=8Z%2FwOBP4u%2ByDNHrZ%2B4mNCg%3D%3D&trackingId=40ojZocMuJqypPd5Ny3Lpg%3D%3D
BAE Systems,Shipyard Management Intern Spring/Summer 2026,"BAE Systems, Inc.","San Diego, CA",https://www.linkedin.com/jobs/view/shipyard-management-intern-spring-summer-2026-at-bae-systems-inc-4400120475?position=21&pageNum=0&refId=8Z%2FwOBP4u%2ByDNHrZ%2B4mNCg%3D%3D&trackingId=d7aHeToDvXiVsW27bXRTrg%3D%3D
BAE Systems,"Electrical Engineer, Summer 2026","BAE Systems, Inc.","Cedar Rapids, IA",https://www.linkedin.com/jobs/view/electrical-engineer-summer-2026-at-bae-systems-inc-4398857944?position=22&pageNum=0&refId=8Z%2FwOBP4u%2ByDNHrZ%2B4mNCg%3D%3D&trackingId=%2B58CKrPT6pxL%2ByVI26vt1g%3D%3D
BAE Systems,"PTECH Intern, Summer 2026","BAE Systems, Inc.","Endicott, NY",https://www.linkedin.com/jobs/view/ptech-intern-summer-2026-at-bae-systems-inc-4399731025?position=26&pageNum=0&refId=8Z%2FwOBP4u%2ByDNHrZ%2B4mNCg%3D%3D&trackingId=GtPKmZwGGUvFLg8pOKV48g%3D%3D
Rolls-Royce,Internal Combustion Engine Research & Development Intern,Rolls-Royce Power Systems,"Aiken, SC",https://www.linkedin.com/jobs/view/internal-combustion-engine-research-development-intern-at-rolls-royce-power-systems-4393948060?position=1&pageNum=0&refId=WsWQku9TYOJLAiicwX6%2BGA%3D%3D&trackingId=SEaCtSPjMCNOdy6rLpRlgQ%3D%3D
Rolls-Royce,Internal Combustion Engine Research & Development Intern,Rolls-Royce,"Aiken, SC",https://www.linkedin.com/jobs/view/internal-combustion-engine-research-development-intern-at-rolls-royce-4399691913?position=2&pageNum=0&refId=WsWQku9TYOJLAiicwX6%2BGA%3D%3D&trackingId=s5zrw3lfTGmuCl7vCEJ9Gw%3D%3D
Rolls-Royce,Internship Contract Management,BMW Group,"Salzburg, Salzburg, Austria",https://at.linkedin.com/jobs/view/internship-contract-management-at-bmw-group-4379257862?position=3&pageNum=0&refId=WsWQku9TYOJLAiicwX6%2BGA%3D%3D&trackingId=Z3aNFCFrWUFbB5MhGKQHCQ%3D%3D
Rolls-Royce,SMR Technology & Deployment Intern,Linea Energy,"San Francisco, CA",https://www.linkedin.com/jobs/view/smr-technology-deployment-intern-at-linea-energy-4384137207?position=5&pageNum=0&refId=WsWQku9TYOJLAiicwX6%2BGA%3D%3D&trackingId=JQfKjZfyRdt5dpzxyHgLVg%3D%3D
Rolls-Royce,"Internship Electro-Mobility, Corporate & Direct Sales",BMW Group,"Salzburg, Salzburg, Austria",https://at.linkedin.com/jobs/view/internship-electro-mobility-corporate-direct-sales-at-bmw-group-4396595213?position=6&pageNum=0&refId=WsWQku9TYOJLAiicwX6%2BGA%3D%3D&trackingId=BZaZNMGgiaerHz47daXMxA%3D%3D
Rolls-Royce,"Intern, Movable Acoustics, Kvadrat Acoustics Copenhagen",Kvadrat,"Copenhagen, Capital Region of Denmark, Denmark",https://dk.linkedin.com/jobs/view/intern-movable-acoustics-kvadrat-acoustics-copenhagen-at-kvadrat-4384836491?position=8&pageNum=0&refId=WsWQku9TYOJLAiicwX6%2BGA%3D%3D&trackingId=RZzjcAVcNmMlZ0u8HEfqeA%3D%3D
Prudential,Internship (Actuarial Services),Prudential Assurance Malaysia Berhad,"Kuala Lumpur, Federal Territory of Kuala Lumpur, Malaysia",https://my.linkedin.com/jobs/view/internship-actuarial-services-at-prudential-assurance-malaysia-berhad-4358385659?position=1&pageNum=0&refId=IdpLcZ5Ypt5nTvo2X93KPA%3D%3D&trackingId=W7jyC5kEuiEEt5WW4DG1LQ%3D%3D
Prudential,Internship Finance Operation,Prudential BSN Takaful Berhad,"Kuala Lumpur, Federal Territory of Kuala Lumpur, Malaysia",https://my.linkedin.com/jobs/view/internship-finance-operation-at-prudential-bsn-takaful-berhad-4400205565?position=2&pageNum=0&refId=IdpLcZ5Ypt5nTvo2X93KPA%3D%3D&trackingId=PZYlpKCqyYhQBnHs4COtQg%3D%3D
Prudential,"Internship, Fund Accounting",Prudential Assurance Malaysia Berhad,"Kuala Lumpur, Federal Territory of Kuala Lumpur, Malaysia",https://my.linkedin.com/jobs/view/internship-fund-accounting-at-prudential-assurance-malaysia-berhad-4397792942?position=5&pageNum=0&refId=IdpLcZ5Ypt5nTvo2X93KPA%3D%3D&trackingId=T5nNv7zTgucpRGrHrzjDWw%3D%3D
Prudential,PHI - Intern- Engineering,Prudential Health India,"Mumbai, Maharashtra, India",https://in.linkedin.com/jobs/view/phi-intern-engineering-at-prudential-health-india-4362312385?position=6&pageNum=0&refId=IdpLcZ5Ypt5nTvo2X93KPA%3D%3D&trackingId=e%2FR3x5AJsQ8R%2BEhBz0CIcQ%3D%3D
Prudential,PHI - Engineering Intern-1,Prudential Health India,"Mumbai, Maharashtra, India",https://in.linkedin.com/jobs/view/phi-engineering-intern-1-at-prudential-health-india-4384587179?position=8&pageNum=0&refId=IdpLcZ5Ypt5nTvo2X93KPA%3D%3D&trackingId=%2Fpr8h%2BHmg04YCyGh%2FQADlw%3D%3D
Prudential,"Intern, Health Performance Management & Intelligence",Prudential Assurance Malaysia Berhad,"Kuala Lumpur, Federal Territory of Kuala Lumpur, Malaysia",https://my.linkedin.com/jobs/view/intern-health-performance-management-intelligence-at-prudential-assurance-malaysia-berhad-4377157559?position=9&pageNum=0&refId=IdpLcZ5Ypt5nTvo2X93KPA%3D%3D&trackingId=vgha%2FEV8kIb%2FMdYqpPPk1w%3D%3D
Prudential,PHI - Intern-Actuary,Prudential Health India,"Mumbai, Maharashtra, India",https://in.linkedin.com/jobs/view/phi-intern-actuary-at-prudential-health-india-4199580453?position=10&pageNum=0&refId=IdpLcZ5Ypt5nTvo2X93KPA%3D%3D&trackingId=oKG8MUF9O4UBq9qeVx7w8Q%3D%3D
Prudential,Regulatory Reporting Associate - Builders Program (Co-op training or Internship),Tamara,"Riyadh, Riyadh, Saudi Arabia",https://sa.linkedin.com/jobs/view/regulatory-reporting-associate-builders-program-co-op-training-or-internship-at-tamara-4382984515?position=15&pageNum=0&refId=IdpLcZ5Ypt5nTvo2X93KPA%3D%3D&trackingId=cso%2FLhbmXqTkunDTr0aiHQ%3D%3D
Prudential,Behavioral Health Intern,Baptist Health,"Jacksonville, FL",https://www.linkedin.com/jobs/view/behavioral-health-intern-at-baptist-health-4391134356?position=16&pageNum=0&refId=IdpLcZ5Ypt5nTvo2X93KPA%3D%3D&trackingId=HEZZFYh%2BwELDH45uS6JOwQ%3D%3D
Prudential,Finance Summer Internship,Prudential Assurance Company Singapore,Singapore,https://sg.linkedin.com/jobs/view/finance-summer-internship-at-prudential-assurance-company-singapore-4402131344?position=23&pageNum=0&refId=IdpLcZ5Ypt5nTvo2X93KPA%3D%3D&trackingId=rBwYP3%2BiJou72LFMtp%2FBuw%3D%3D
Prudential,Accounting Intern,BNP Paribas CIB,Greater São Paulo Area,https://br.linkedin.com/jobs/view/accounting-intern-at-bnp-paribas-cib-4399783247?position=24&pageNum=0&refId=IdpLcZ5Ypt5nTvo2X93KPA%3D%3D&trackingId=iqDsDYjtYcx%2FWhlB1xgHXg%3D%3D
Prudential,Risk Management - FCRM CSG Regulatory Compliance Intern/Co-op (Fall 2026),TD,"Toronto, Ontario, Canada",https://ca.linkedin.com/jobs/view/risk-management-fcrm-csg-regulatory-compliance-intern-co-op-fall-2026-at-td-4401034608?position=27&pageNum=0&refId=IdpLcZ5Ypt5nTvo2X93KPA%3D%3D&trackingId=o1QKdvAW%2BV4rKZpOBiq5XA%3D%3D
Prudential,Legal Department Intern,BNP Paribas CIB,Greater São Paulo Area,https://br.linkedin.com/jobs/view/legal-department-intern-at-bnp-paribas-cib-4399781305?position=28&pageNum=0&refId=IdpLcZ5Ypt5nTvo2X93KPA%3D%3D&trackingId=416gz9v2cLqWev5J6LEAuw%3D%3D
Prudential,Internship as Takaful Advisor,SAR Group KL,"Petaling Jaya, Selangor, Malaysia",https://my.linkedin.com/jobs/view/internship-as-takaful-advisor-at-sar-group-kl-4400087399?position=29&pageNum=0&refId=IdpLcZ5Ypt5nTvo2X93KPA%3D%3D&trackingId=6rbOCGrlKHEB2%2BSHQmwkgA%3D%3D
Prudential,Internship - Finance Regulation and Solutions (as of October 2026),Quintet Private Bank,"Luxembourg, Luxembourg, Luxembourg",https://lu.linkedin.com/jobs/view/internship-finance-regulation-and-solutions-as-of-october-2026-at-quintet-private-bank-4378806734?position=30&pageNum=0&refId=IdpLcZ5Ypt5nTvo2X93KPA%3D%3D&trackingId=vb92cBFYyeFmVL1ywS1jJQ%3D%3D
Prudential,Modelling & AI Machine Learning Intern (May – August 2026),BNP Paribas,"Montreal, Quebec, Canada",https://ca.linkedin.com/jobs/view/modelling-ai-machine-learning-intern-may-%E2%80%93-august-2026-at-bnp-paribas-4348427870?position=32&pageNum=0&refId=IdpLcZ5Ypt5nTvo2X93KPA%3D%3D&trackingId=UI0mkfcD%2F9KJPg7mEeRWXQ%3D%3D
Prudential,Corporate Sales Flow Intern,BNP Paribas CIB,Greater São Paulo Area,https://br.linkedin.com/jobs/view/corporate-sales-flow-intern-at-bnp-paribas-cib-4399782321?position=33&pageNum=0&refId=IdpLcZ5Ypt5nTvo2X93KPA%3D%3D&trackingId=OSFht%2FdW4mJ6%2FITzmzGi3Q%3D%3D
Prudential,Risk Management - FCRM CSG Regulatory Compliance Intern/Co-op (Fall 2026),TD Securities,"Toronto, Ontario, Canada",https://ca.linkedin.com/jobs/view/risk-management-fcrm-csg-regulatory-compliance-intern-co-op-fall-2026-at-td-securities-4401040998?position=35&pageNum=0&refId=IdpLcZ5Ypt5nTvo2X93KPA%3D%3D&trackingId=GqgcFSYbHJy0ksjMfFKCxQ%3D%3D
Prudential,"CT Technologist Internship, Diagnostic Clinical Imaging, Baptist ED North",Baptist Health,Metro Jacksonville,https://www.linkedin.com/jobs/view/ct-technologist-internship-diagnostic-clinical-imaging-baptist-ed-north-at-baptist-health-4380138270?position=36&pageNum=0&refId=IdpLcZ5Ypt5nTvo2X93KPA%3D%3D&trackingId=eUVc0aSmgdkGmYwDNYBQ3Q%3D%3D
Prudential,Prudential Risk Undergraduate Internship,targetjobs UK,"Street, England, United Kingdom",https://uk.linkedin.com/jobs/view/prudential-risk-undergraduate-internship-at-targetjobs-uk-4391955897?position=1&pageNum=0&refId=msI5d1eFBdUZMyobB39Shg%3D%3D&trackingId=qAaz6S92vB1iSiV1qSnn9Q%3D%3D
JD Sports,Internship JD - Payroll,JD Sports Iberia,"Viseu, Portugal",https://pt.linkedin.com/jobs/view/internship-jd-payroll-at-jd-sports-iberia-4391731208?position=2&pageNum=0&refId=hBdtDRQEl18GiRNKFmTCSg%3D%3D&trackingId=mjsVF5ZsTTYEsJE%2Fz%2Fi%2Fgw%3D%3D
JD Sports,Internship Business Development,Odicci,"Greater London, England, United Kingdom",https://uk.linkedin.com/jobs/view/internship-business-development-at-odicci-4374240304?position=3&pageNum=0&refId=hBdtDRQEl18GiRNKFmTCSg%3D%3D&trackingId=WZwS5vchnLJ0ChbMwqwmFA%3D%3D
JD Sports,Product Specialist Internship,Odicci,"Greater London, England, United Kingdom",https://uk.linkedin.com/jobs/view/product-specialist-internship-at-odicci-4385728971?position=4&pageNum=0&refId=hBdtDRQEl18GiRNKFmTCSg%3D%3D&trackingId=MHqxCs4INW5yVN9bn9H20g%3D%3D
Whitbread,Full-time Carer Worker (Local and International Applicants),MidCo Care Limited,"Cornwall, Ontario, Canada",https://ca.linkedin.com/jobs/view/full-time-carer-worker-local-and-international-applicants-at-midco-care-limited-4402141328?position=8&pageNum=0&refId=FBMIpW%2B%2BXhqDIK3ZME7t2A%3D%3D&trackingId=UA6fVfW2Lid%2F04P6RB9AbA%3D%3D
Whitbread,Agile Scrum Master Internship - Remote,Marketeq Talent,"Miami, FL",https://www.linkedin.com/jobs/view/agile-scrum-master-internship-remote-at-marketeq-talent-4402140285?position=31&pageNum=0&refId=FBMIpW%2B%2BXhqDIK3ZME7t2A%3D%3D&trackingId=FA5E1x2r5zREZ3l4CRyUSQ%3D%3D
Schroders,Internship - Real Estate Investment - 6 months (July - December),Schroders,"Paris, Île-de-France, France",https://fr.linkedin.com/jobs/view/internship-real-estate-investment-6-months-july-december-at-schroders-4369948776?position=1&pageNum=0&refId=fXQrJbO9lkxncq%2B1DaZxzg%3D%3D&trackingId=p5gCKwSnlRnrSWf%2FzIFY8A%3D%3D
Schroders,Internship - Real Estate Investment: Hotels - 6 months (July - December),Schroders,"Paris, Île-de-France, France",https://fr.linkedin.com/jobs/view/internship-real-estate-investment-hotels-6-months-july-december-at-schroders-4369962371?position=2&pageNum=0&refId=fXQrJbO9lkxncq%2B1DaZxzg%3D%3D&trackingId=rx8%2FYvnc1hhopDa6F5eIpQ%3D%3D
Halma,Summer Internship,Volk Optical Inc.,"Mentor, OH",https://www.linkedin.com/jobs/view/summer-internship-at-volk-optical-inc-4367259702?position=1&pageNum=0&refId=zR8FVyT%2FnPmlsXWXmRV44Q%3D%3D&trackingId=10qtLfe56bHCGm05D%2FF7sw%3D%3D
Smith & Nephew,Placements Officer,University of Bath,"Bath, England, United Kingdom",https://uk.linkedin.com/jobs/view/placements-officer-at-university-of-bath-4400752313?position=20&pageNum=0&refId=t%2Fvm4lJIAfF30ZkFJze9eg%3D%3D&trackingId=Z1Ea%2FYTPsOYrn13B33zETA%3D%3D
Smith & Nephew,"Intern, Business Intelligence",ArcBest,"Fort Smith, AR",https://www.linkedin.com/jobs/view/intern-business-intelligence-at-arcbest-4401785091?position=55&pageNum=0&refId=hWOKXYXba%2BrUpIdy2Bpc4g%3D%3D&trackingId=3KQJPXzNQb5FyQ6T6azb1Q%3D%3D
